Address,Bedrooms,Bathrooms,Area,Year Built,Parking,Pool,Price,Location
1560 33rd St NW,2 Beds,2 Baths,"1,772 sqft",1860,Open Parking,Pool,"$990,000",Washington
3315 Highland Pl NW,5 Beds,5 Baths,"4,300 sqft",1897,2 Open Spaces,No,"$3,775,000",Washington
1702 Lanier Pl NW,5 Beds,4 Baths,"2,824 sqft",1920,1 Parking Spaces,Pool,"$1,400,000",Washington
5714 3rd Pl NW,3 Beds,3 Baths,"2,580 sqft",1936,1 Car Garage,No,"$715,000",Washington
1411 Kennedy St NW,7 Beds,4 Baths,"4,828 sqft",1913,Garage,No,"$1,750,000",Washington
764 Gresham Pl NW,3 Beds,3 Baths,"2,076 sqft",1910,Open Parking,No,"$879,000",Washington
1122 Shepherd St NE,3 Beds,2 Baths,"2,038 sqft",1912,Open Parking,No,"$694,900",Washington
4290 S Capitol Ter SW,4 Beds,4 Baths,"2,400 sqft",2017,Open Parking,No,"$535,000",Washington
1745 Verbena St NW,5 Beds,4 Baths,"3,368 sqft ",1960,Open Parking,No,"$1,299,000",Washington
3510 Northampton St NW,3 Beds,3 Baths,"1,964 sqft",1939,Garage,No,"$995,000",Washington
5063 Overlook Rd NW,6 Beds,6 Baths,"8,000 sqft ",1954,1 Car Garage,Yes,"$3,995,000",Washington
2010 48th St NW,6 Beds,4 Baths,"3,560 sqft",1963,1 Car Garage,No,"$1,595,000",Washington
1921 Otis St NE,3 Beds,2 Baths,"1,544 sqft",1929,1 Carport Spaces,No,"$669,000",Washington
6612 Piney Branch Rd NW,4 Beds,2 Baths,"1,944 sqft",1923,Open Parking,No,"$649,900",Washington
4310 Brandywine St NW,3 Beds,3 Baths,"1,800 sqft",1926,Open Parking,No,"$1,029,000",Washington
5300 Sherier Pl NW,5 Beds,5 Baths,"3,857 sqft",1979,1 Car Garage,No,"$1,850,000",Washington
3823 Van Ness St NW,4 Beds,3 Baths,"2,033 sqft",1926,Garage,No,"$1,085,000",Washington
1228 30th St NW,5 Beds,5 Baths,"3,255 sqft",1900,Open Parking,No,"$2,549,000",Washington
3211 5th St SE,5 Beds,3 Baths,"2,964 sqft",1925,Garage,No,"$650,000",Washington
115 5th St SE,5 Beds,4 Baths,"3,117 sqft",1890,Garage,No,"$2,695,000",Washington
1944 S St SE,2 Beds,1 Bath,996 sqft,1939,Open Parking,No,"$500,000",Washington
1233 Euclid St NW #2,2 Beds,2 Baths,"1,119 sqft",1911,Open Parking,Pool,"$659,900",Washington
5865 Nebraska Ave NW,4 Beds,4 Baths,"2,829 sqft",1942,Garage,No,"$1,250,000",Washington
5335 Nebraska Ave NW,4 Beds,3 Baths,"2,300 sqft",1931,2 Car Garage,No,"$1,095,000",Washington
2941 Upton St NW,5 Beds,4 Baths,"3,180 sqft",1924,Garage,Pool,"$1,450,000",Washington
3815 24th St NE,4 Beds,3 Baths,"2,022 sqft",1929,1 Parking Spaces,No,"$815,000",Washington
1701 Bunker Hill Rd NE,4 Beds,4 Baths,"3,057 sqft",1926,5 Open Spaces,No,"$850,000",Washington
219 Anacostia Ave NE,3 Beds,2 Baths,"1,323 sqft",1949,Open Parking,Pool,"$409,900",Washington
615 Rhode Island Ave NW,3 Beds,2 Baths,"1,444 sqft",1880,Open Parking,Pool,"$675,000",Washington
718 Oneida Pl NW,3 Beds,3 Baths,"1,630 sqft",1940,Open Parking,Pool,"$635,000",Washington
819 Decatur St NW,3 Beds,3 Baths,"1,976 sqft",1925,4 Open Spaces,Pool,"$769,900",Washington
3817 47th St NW,4 Beds,4 Baths,"2,615 sqft",1942,1 Open Spaces,No,"$1,595,000",Washington
29 Q St NE #1,4 Beds,4 Baths,"1,735 sqft",1928,Garage,Pool,"$812,000",Washington
3301 Fessenden St NW,11 Beds,17 Baths,"17,631 sqft",2019,8 Car Garage,Yes,"$11,950,000",Washington
4325 7th St NW,4 Beds,4 Baths,"2,635 sqft",1922,Open Parking,Pool,"$899,900",Washington
916 K St NE,3 Beds,4 Baths,"2,250 sqft",1910,1 Parking Spaces,Pool,"$1,099,000",Washington
1827 5th St NW,3 Beds,2 Baths,"1,548 sqft",1905,Open Parking,Pool,"$939,000",Washington
1919 N Capitol St NE,4 Beds,3 Baths,"2,289 sqft",1904,2 Parking Spaces,Pool,"$1,149,500",Washington
1442 E St SE,3 Beds,2 Baths,"1,488 sqft",1910,Open Parking,Pool,"$895,000",Washington
1354 Euclid St NW #402A,3 Beds,3 Baths,"1,510 sqft",2008,Open Parking,Pool,"$879,000",Washington
431 Manor Pl NW,3 Beds,4 Baths,"1,860 sqft",1907,Open Parking,Pool,"$799,000",Washington
202 10th St SE,2 Beds,3 Baths,"1,428 sqft",1908,Open Parking,Pool,"$809,000",Washington
1043 Quebec Pl NW,3 Beds,2 Baths,"1,476 sqft",1923,1 Open Spaces,Pool,"$799,990",Washington
940 T St NW,4 Beds,5 Baths,"3,329 sqft",1895,2 Parking Spaces,Pool,"$1,900,000",Washington
1744 Q St NW,5 Beds,4 Baths,"3,700 sqft",1890,Garage,Pool,"$2,250,000",Washington
1121 48th Pl NE,4 Beds,5 Baths,,,,Pool,"$190,000",Washington
442 M St NW #5,1 Bed,1 Bath,509 sqft,1890,Open Parking,Pool,"$349,000",Washington
4602 New Hampshire Ave NW,4 Beds,4 Baths,"2,530 sqft",1925,Open Parking,Pool,"$1,199,000",Washington
1288 Neal St NE,4 Beds,4 Baths,"1,802 sqft",1924,2 Open Spaces,No,"$875,000",Washington
3610 13th St NW,3 Beds,2 Baths,"1,964 sqft",1910,Garage,Pool,"$875,000",Washington
2026 16th St NW #1,2 Beds,1 Bath,709 sqft,1910,Open Parking,Pool,"$300,000",Washington
680 4th St NE,2 Beds,2 Baths,882 sqft,1890,Open Parking,Pool,"$819,000",Washington
802 Rittenhouse St NW,4 Beds,5 Baths,"2,851 sqft",1927,Garage,No,"$1,349,000",Washington
424 Luray Pl NW,3 Beds,3 Baths,"1,980 sqft",1908,Open Parking,Pool,"$949,000",Washington
1532 Constitution Ave NE,2 Beds,2 Baths,"1,107 sqft",1927,1 Parking Spaces,Pool,"$779,900",Washington
504 3rd St SE,4 Beds,3 Baths,"1,942 sqft",1908,Open Parking,Pool,"$1,100,000",Washington
522 1st St SE,3 Beds,2 Baths,"2,331 sqft",1907,Open Parking,Pool,"$999,000",Washington
3210 Volta Pl NW,4 Beds,5 Baths,"3,186 sqft",1900,2 Parking Spaces,Pool,"$3,199,900",Washington
912 P St NW,2 Beds,3 Baths,"2,015 sqft",1880,Open Parking,Pool,"$1,339,000",Washington
935 26th St NW,4 Beds,5 Baths,"4,720 sqft",1970,1 Car Garage,Pool,"$2,350,000",Washington
1623 Montague St NW,5 Beds,3 Baths,"3,055 sqft",1929,Garage,No,"$1,199,900",Washington
765 Gresham Pl NW,4 Beds,3 Baths,"2,076 sqft",1910,Open Parking,No,"$849,000",Washington
321 F St NE,3 Beds,2 Baths,"1,614 sqft",1890,1 Open Spaces,Pool,"$950,000",Washington
2931 11th St NW #1,3 Beds,3 Baths,"1,360 sqft",1912,None,Pool,"$699,900",Washington
1652 29th St NW,3 Beds,3 Baths,"1,936 sqft",1910,Open Parking,Pool,"$1,995,000",Washington
1443 Constitution Ave NE,3 Beds,2 Baths,"1,650 sqft",1909,Open Parking,Pool,"$1,050,000",Washington
1975 Biltmore St NW #3,2 Beds,2 Baths,"1,006 sqft",1900,None,Pool,"$749,000",Washington
4825 16th St NW,4 Beds,5 Baths,"3,387 sqft",1927,Garage,No,"$1,100,000",Washington
2221 30th St NW,9 Beds,15 Baths,"14,750 sqft ",2008,3 Car Garage,No,"$18,500,000",Washington
352 N St SW,3 Beds,2 Baths,"1,300 sqft",1962,Open Parking,Pool,"$575,000",Washington
2617 Douglas Pl SE #302,2 Beds,2 Baths,901 sqft,2002,No Info,Pool,"$279,000",Washington
1821 Vermont Ave NW,4 Beds,4 Baths,"1,905 sqft",1880,Open Parking,Pool,"$1,599,000",Washington
4423 New Hampshire Ave NW,4 Beds,4 Baths,"2,150 sqft",1922,Garage,Pool,"$995,000",Washington
662 Irving St NW,4 Beds,2 Baths,"1,800 sqft",1909,Open Parking,Pool,"$799,900",Washington
4640 Cathedral Ave NW,6 Beds,9 Baths,"8,600 sqft ",2021,2 Car Garage,No,"$14,950,000",Washington
227 E St NE,4 Beds,4 Baths,"2,350 sqft",1880,Open Parking,Pool,"$1,100,000",Washington
5215 1/2 East Dr,4 Beds,5 Baths,"2,720 sqft",2020,Open Parking,Pool,"$537,000",Washington
1426 E St NE,3 Beds,3 Baths,"1,710 sqft",1923,No Info,Pool,"$1,124,900",Washington
4442 B St SE #2,2 Beds,2 Baths,980 sqft,2020,Open Parking,Pool,"$299,999",Washington
6616 Piney Branch Rd NW,4 Beds,3 Baths,"2,714 sqft",1925,Garage,No,"$899,000",Washington
198 F St SE,4 Beds,4 Baths,"3,425 sqft",1907,Open Parking,Pool,"$1,565,000",Washington
2909 13th St NE,4 Beds,2 Baths,"2,150 sqft",1926,Open Parking,No,"$849,000",Washington
2810 Ellicott St NW,5 Beds,5 Baths,"4,725 sqft",1957,2 Car Garage,No,"$2,875,000",Washington
5116 A St SE,3 Beds,2 Baths,"1,786 sqft",1948,None,Pool,"$465,000",Washington
20 7th St NE,2 Beds,4 Baths,"1,800 sqft",1908,2 Open Spaces,Pool,"$1,599,950",Washington
3601 Wisconsin Ave NW #310,2 Beds,1 Bath,707 sqft,1950,Open Parking,Pool,"$349,900",Washington
5110 Fort Totten Dr NE #3,2 Beds,2 Baths,729 sqft,1942,1 Parking Spaces,Pool,"$465,000",Washington
350 N St SW,4 Beds,2 Baths,"2,000 sqft",1962,None,Pool,"$650,000",Washington
2020 12th St NW #108,2 Beds,2 Baths,973 sqft,2005,1 Car Garage,Pool,"$669,000",Washington
3510 16th St NW #402,2 Beds,1 Bath,759 sqft,1920,Open Parking,Pool,"$379,000",Washington
1737 Willard St NW #6,2 Beds,2 Baths,"1,070 sqft",1911,Open Parking,Pool,"$679,900",Washington
1522 Jackson St NE,4 Beds,3 Baths,"2,347 sqft",1932,Open Parking,No,"$999,000",Washington
555 Massachusetts Ave NW #718,2 Beds,2 Baths,"1,049 sqft",2005,1 Car Garage,Pool,"$680,000",Washington
327 N St SW #327,2 Beds,2 Baths,"1,154 sqft",1967,No Info,Pool,"$510,000",Washington
1801 Wyoming Ave NW #44,2 Beds,2 Baths,921 sqft,1910,None,Pool,"$649,900",Washington
1742 Kenyon St NW,5 Beds,4 Baths,"2,988 sqft",1921,2 Open Spaces,Pool,"$1,495,000",Washington
1444 Taylor St NW #2,2 Beds,3 Baths,"1,009 sqft",1949,1 Parking Spaces,Pool,"$715,000",Washington
3933 14th St NW #9,2 Beds,3 Baths,"1,007 sqft",2021,No Info,Pool,"$725,000",Washington
60 U St NW,4 Beds,4 Baths,"2,676 sqft",1909,2 Parking Spaces,Pool,"$1,449,900",Washington
929 Florida Ave NW #3008,2 Beds,2 Baths,"1,176 sqft",2006,2 Car Garage,Pool,"$749,900",Washington
332 11th St NE,4 Beds,3 Baths,"2,093 sqft",1930,Open Parking,Pool,"$1,100,000",Washington
810 O St NW #609,2 Beds,2 Baths,"1,037 sqft",2020,No Info,Pool,"$794,900",Washington
3239 Military Rd NW,3 Beds,2 Baths,"1,744 sqft",1930,Open Parking,No,"$995,000",Washington
1731 S St NW #7,1 Bed,1 Bath,799 sqft,1900,Open Parking,Pool,"$499,999",Washington
1840 Mintwood Pl NW #402,2 Beds,2 Baths,"1,390 sqft",1910,Open Parking,Pool,"$629,000",Washington
3273 Sutton Pl NW #A,3 Beds,3 Baths,"1,628 sqft",1980,2 Parking Spaces,Pool,"$875,000",Washington
3155 Westover Dr SE,3 Beds,2 Baths,"1,950 sqft",1941,Open Parking,No,"$540,000",Washington
1022 Girard St NE,3 Beds,2 Baths,"2,066 sqft",1924,Garage,Pool,"$824,900",Washington
15 Evarts St NE,4 Beds,4 Baths,"2,634 sqft",1921,No Info,Pool,"$949,000",Washington
777 7th St NW #420,1 Bed,1 Bath,708 sqft,2005,Open Parking,Pool,"$399,999",Washington
1362 Monroe St NW #B,3 Beds,3 Baths,"1,572 sqft",2005,1 Car Garage,Pool,"$800,000",Washington
2425 L St NW #437,2 Beds,2 Baths,"1,194 sqft",2006,1 Car Garage,Pool,"$975,000",Washington
1110 E St SE,4 Beds,4 Baths,"2,406 sqft",1900,No Info,Pool,"$1,285,000",Washington
50 Florida Ave NE #408,1 Bed,1 Bath,654 sqft,2020,No Info,Pool,"$426,900",Washington
1612 8th St NW,3 Beds,3 Baths,"1,635 sqft",1900,Open Parking,Pool,"$979,000",Washington
134 35th St NE,2 Beds,3 Baths,832 sqft,1941,2 Carport Spaces,Pool,"$394,995",Washington
4764 Reservoir Rd NW,4 Beds,5 Baths,"2,738 sqft",1938,Open Parking,No,"$1,600,000",Washington
3800 18th St NE,4 Beds,4 Baths,"2,113 sqft",1940,1 Car Garage,No,"$740,000",Washington
3401 38th St NW #218,1 Bed,1 Bath,675 sqft,1989,Open Parking,Pool,"$365,000",Washington
3039 Macomb St NW #33,1 Bed,1 Bath,662 sqft,1923,Open Parking,Pool,"$385,000",Washington
2032 16th St NW #6,1 Bed,1 Bath,766 sqft,1938,No Info,Pool,"$569,900",Washington
2023 Flagler Pl NW,4 Beds,3 Baths,"1,866 sqft",1906,Open Parking,Pool,"$1,050,000",Washington
4123 7th St NW,3 Beds,4 Baths,"2,209 sqft",1912,Open Parking,Pool,"$912,000",Washington
400 Massachusetts Ave NW #916,2 Beds,2 Baths,"1,369 sqft",2004,2 Car Garage,Pool,"$874,999",Washington
639 10th St NE,3 Beds,3 Baths,"2,463 sqft",1910,1 Parking Spaces,Pool,"$1,049,000",Washington
637 Keefer Pl NW,3 Beds,2 Baths,"1,692 sqft",1910,1 Open Spaces,Pool,"$739,000",Washington
510 N St SW #N329,1 Bed,1 Bath,825 sqft,1966,1 Car Garage,Pool,"$349,500",Washington
2201 2nd St NW #41,1 Bed,1 Bath,700 sqft,1927,Open Parking,Pool,"$419,000",Washington
57 N St NW #302,1 Bed,1 Bath,750 sqft,1906,Open Parking,Pool,"$579,900",Washington
45 Sutton Sq SW #609,3 Beds,3 Baths,"1,985 sqft",2017,Garage,Pool,"$3,400,000",Washington
1480 Harvard St NW #2,2 Beds,2 Baths,"1,102 sqft",2013,Open Parking,Pool,"$689,000",Washington
2809 Pomeroy Rd SE,4 Beds,4 Baths,"2,035 sqft",1968,1 Open Spaces,No,"$499,999",Washington
3109 N St SE,4 Beds,3 Baths,"1,948 sqft",1964,Open Parking,No,"$650,000",Washington
1938 Biltmore St NW #D,2 Beds,2 Baths,"1,040 sqft",1938,Open Parking,Pool,"$545,000",Washington
1021 Otis Pl NW,3 Beds,4 Baths,"2,092 sqft",1909,Garage,Pool,"$1,199,000",Washington
4939 Fitch Pl NE,4 Beds,5 Baths,"2,400 sqft",2021,Open Parking,No,"$575,000",Washington
632 E St SE,3 Beds,3 Baths,"1,710 sqft",1962,1 Open Spaces,Pool,"$1,250,000",Washington
416 Division Ave NE,3 Beds,1 Bath,"1,390 sqft",1941,Open Parking,Pool,"$385,000",Washington
1010 25th St NW #705,1 Bed,1 Bath,713 sqft,1938,Open Parking,Pool,"$325,000",Washington
2514 E Pl NW,2 Beds,2 Baths,"1,135 sqft",1900,Open Parking,Pool,"$975,000",Washington
770 Irving St NW,2 Beds,2 Baths,"1,082 sqft",1913,1 Open Spaces,Pool,"$749,000",Washington
1351 Constitution Ave NE,3 Beds,3 Baths,"2,268 sqft",1922,Open Parking,Pool,"$1,165,000",Washington
1673 Park Rd NW #103,2 Beds,1 Bath,747 sqft,1926,Open Parking,Pool,"$439,900",Washington
3131 Chain Bridge Rd NW,6 Beds,9 Baths,"12,200 sqft ",2020,6 Car Garage,Yes,"$12,950,000",Washington
3515 Hertford Pl NW #31,1 Bed,1 Bath,541 sqft,1938,Open Parking,Pool,"$353,000",Washington
514 G St NE,3 Beds,4 Baths,"2,435 sqft",1910,Open Parking,Pool,"$1,349,000",Washington
1708 Newton St NW #301,2 Beds,1 Bath,684 sqft,1922,Open Parking,Pool,"$465,000",Washington
8034 16th St NW,4 Beds,5 Baths,"3,233 sqft",1941,1 Car Garage,No,"$1,399,950",Washington
521 Somerset Pl NW,3 Beds,2 Baths,952 sqft,1925,2 Open Spaces,No,"$625,000",Washington
3919 Fulton St NW #5,3 Beds,4 Baths,"1,764 sqft",2015,Open Parking,Pool,"$1,250,000",Washington
4420 Greenwich Pkwy NW,3 Beds,2 Baths,"1,786 sqft",1927,3 Open Spaces,Pool,"$1,100,000",Washington
1900 S St NW #402,2 Beds,2 Baths,762 sqft,1908,Open Parking,Pool,"$599,900",Washington
390 N St SW,3 Beds,2 Baths,"1,533 sqft",1962,No Info,Pool,"$529,900",Washington
2240 Cathedral Ave NW,5 Beds,5 Baths,"3,345 sqft",1910,2 Parking Spaces,Pool,"$2,274,000",Washington
3733 Benton St NW,3 Beds,2 Baths,"1,388 sqft",1928,1 Car Garage,Pool,"$799,900",Washington
2905 13th St NW #4,2 Beds,1 Bath,797 sqft,1900,No Info,Pool,"$520,000",Washington
6645 Georgia Ave NW #103,1 Bed,1 Bath,600 sqft,1920,Open Parking,Pool,"$238,000",Washington
215 Emerson St NW #204,1 Bed,1 Bath,743 sqft,1929,Open Parking,Pool,"$214,900",Washington
4805 Bending Ln NW,5 Beds,5 Baths,"3,800 sqft",1953,1 Car Garage,No,"$3,395,000",Washington
2509 1/2 W St SE,3 Beds,4 Baths,"2,100 sqft",2021,Open Parking,Pool,"$490,000",Washington
3627 Jenifer St NW,4 Beds,2 Baths,"1,618 sqft",1938,Open Parking,Pool,"$949,000",Washington
1704 T St NW #302,2 Beds,2 Baths,915 sqft,1910,Open Parking,Pool,"$785,000",Washington
3313 O St NW,6 Beds,7 Baths,"6,135 sqft",1900,Garage,Pool,"$8,495,000",Washington
616 E St NW #619,1 Bed,1 Bath,856 sqft,2004,Open Parking,Pool,"$519,000",Washington
601 S Carolina Ave SE,3 Beds,3 Baths,"1,649 sqft",2020,Open Parking,Pool,"$1,099,990",Washington
812 8th St NE,3 Beds,2 Baths,"2,355 sqft",1926,2 Parking Spaces,Pool,"$1,200,000",Washington
3846 Cathedral Ave NW,6 Beds,7 Baths,"5,740 sqft",1927,2 Car Garage,No,"$3,100,000",Washington
1518 T St NW,2 Beds,3 Baths,"2,839 sqft",1885,Garage,Pool,"$1,540,000",Washington
1112 5th St NW #1,2 Beds,2 Baths,952 sqft,2020,No Info,No,"$599,900",Washington
1438 Meridian Pl NW #404,2 Beds,2 Baths,585 sqft,1910,Open Parking,Pool,"$399,900",Washington
3039 16th St NW #2,2 Beds,2 Baths,"1,200 sqft",2004,1 Parking Spaces,Pool,"$874,900",Washington
1248 31st St NW,5 Beds,5 Baths,"4,500 sqft",1900,2 Car Garage,No,"$3,195,000",Washington
3919 Fulton St NW #4,2 Beds,3 Baths,"1,400 sqft",2015,1 Parking Spaces,Pool,"$775,000",Washington
2422 2nd St NE,2 Beds,2 Baths,"1,498 sqft",1923,Open Parking,Pool,"$689,998",Washington
4711 Foxhall Cres NW,5 Beds,6 Baths,"5,103 sqft",1983,2 Car Garage,No,"$2,199,000",Washington
2701 32nd St NW,5 Beds,6 Baths,"5,230 sqft ",1930,2 Car Garage,No,"$9,750,000",Washington
424 M St NW #4,2 Beds,2 Baths,711 sqft,2021,Open Parking,Pool,"$615,000",Washington
2446 Kalorama Rd NW,6 Beds,6 Baths,"5,714 sqft",1927,1 Car Garage,No,"$5,550,000",Washington
3301 Dent Pl NW,2 Beds,2 Baths,"1,080 sqft",1921,Open Parking,Pool,"$1,110,000",Washington
1332 Taylor St NE,3 Beds,3 Baths,"2,492 sqft",1936,2 Carport Spaces,No,"$699,000",Washington
405 Constitution Ave NE,3 Beds,4 Baths,"1,992 sqft",1890,Open Parking,Pool,"$1,250,000",Washington
1601 Newton St NE,4 Beds,3 Baths,"1,561 sqft",1913,Open Parking,No,"$950,000",Washington
931 Westminster St NW,5 Beds,4 Baths,"3,333 sqft",1895,No Info,Pool,"$1,600,000",Washington
2100 11th St NW #G07,1 Bed,2 Baths,913 sqft,2007,Garage,Pool,"$525,000",Washington
3127 N St NW,5 Beds,4 Baths,"4,483 sqft",1900,Open Parking,No,"$3,150,000",Washington
329 Oglethorpe St NE,5 Beds,4 Baths,"2,124 sqft",1950,Open Parking,No,"$749,000",Washington
214 54th St SE,2 Beds,2 Baths,"1,200 sqft",1947,Open Parking,No,"$450,000",Washington
4912 1st St NW,3 Beds,3 Baths,"1,224 sqft",1937,Open Parking,Pool,"$822,000",Washington
33 Todd Pl NE,5 Beds,3 Baths,"2,892 sqft",1905,None,Pool,"$899,000",Washington
344 N St SW,4 Beds,2 Baths,"1,567 sqft",1962,No Info,Pool,"$725,000",Washington
2328 37th St NW,3 Beds,2 Baths,"2,400 sqft",1923,1 Car Garage,No,"$1,695,000",Washington
806 E St SE,2 Beds,2 Baths,"1,216 sqft",1900,No Info,Pool,"$925,000",Washington
3021 Oregon Knolls Dr NW,3 Beds,4 Baths,"3,350 sqft",1985,1 Car Garage,No,"$1,410,000",Washington
1311 Delaware Ave SW #S134,1 Bed,1 Bath,700 sqft,1962,Open Parking,Pool,"$175,000",Washington
1462 Chapin St NW #8,2 Beds,2 Baths,"1,277 sqft",2021,No Info,Pool,"$900,000",Washington
44 Quincy Pl NE #2,3 Beds,3 Baths,"2,194 sqft",1900,No Info,Pool,"$899,000",Washington
1419 R St NW #31,2 Beds,2 Baths,"1,182 sqft",1910,Open Parking,Pool,"$750,000",Washington
3801 Porter St NW #102,1 Bed,1 Bath,761 sqft,1985,No Info,Pool,"$405,000",Washington
555 Massachusetts Ave NW #304,2 Beds,2 Baths,"1,048 sqft",2005,1 Car Garage,Pool,"$685,000",Washington
1211 Simms Pl NE,4 Beds,,"3,472 sqft",1940,Open Parking,Pool,"$880,000",Washington
531 Kennedy St NW #10,2 Beds,2 Baths,840 sqft,2021,1 Open Spaces,Pool,"$475,000",Washington
1028 D St NE,4 Beds,4 Baths,"2,358 sqft",2016,Open Parking,Pool,"$1,225,000",Washington
5313 14th St NW,6 Beds,5 Baths,"3,168 sqft",1924,Open Parking,No,"$1,350,000",Washington
2901 28th St NW,4 Beds,3 Baths,"2,956 sqft",1933,1 Car Garage,No,"$1,650,000",Washington
4518 Clay St NE,3 Beds,2 Baths,"1,852 sqft",1967,Open Parking,No,"$350,000",Washington
3520 Ely Pl SE,8 Beds,5 Baths,"3,362 sqft",1943,None,No,"$1,000,000",Washington
3252 Aberfoyle Pl NW,4 Beds,3 Baths,"1,900 sqft",1947,1 Car Garage,No,"$965,000",Washington
3315 Wisconsin Ave NW #804,1 Bed,1 Bath,825 sqft,1959,Open Parking,Pool,"$257,500",Washington
1316 8th St NW #2,3 Beds,2 Baths,"1,540 sqft",2020,Open Parking,Pool,"$1,049,000",Washington
824 Marietta Pl NW,3 Beds,1 Bath,"1,914 sqft",1940,Open Parking,Pool,"$475,000",Washington
1325 Naylor Ct NW,3 Beds,5 Baths,"2,600 sqft",2013,Garage,No,"$2,150,000",Washington
1419 Girard St NE,4 Beds,2 Baths,"2,345 sqft",1949,4 Open Spaces,No,"$849,000",Washington
3901 Tunlaw Rd NW #302,1 Bed,1 Bath,809 sqft,1952,None,Pool,"$295,000",Washington
2515 K St NW #110,1 Bed,1 Bath,574 sqft,1939,Open Parking,Pool,"$350,000",Washington
3337 5th St SE,3 Beds,2 Baths,"1,132 sqft",1905,Garage,No,"$375,000",Washington
1840 California St NW #19A,1 Bed,1 Bath,556 sqft,1909,Open Parking,Pool,"$419,000",Washington
4320 Jay St NE,3 Beds,3 Baths,"1,406 sqft",1927,No Info,No,"$479,900",Washington
1828 Ontario Pl NW #1,3 Beds,4 Baths,"1,972 sqft",1915,Open Parking,Pool,"$1,050,000",Washington
1436 Meridian Pl NW #104,2 Beds,2 Baths,562 sqft,1910,Open Parking,Pool,"$395,000",Washington
4606 W St NW,7 Beds,6 Baths,"5,156 sqft",1954,Garage,No,"$3,590,000",Washington
3900 Watson Pl NW #A,2 Beds,2 Baths,"1,250 sqft",1960,1 Car Garage,Pool,"$520,000",Washington
1727 R St NW #LL1,1 Bed,1 Bath,655 sqft,1908,None,Pool,"$360,000",Washington
1408 5th St NW,4 Beds,4 Baths,"3,048 sqft",1900,Open Parking,Pool,"$1,399,000",Washington
555 Massachusetts Ave NW #1414,Studio,1 Bath,454 sqft,2005,Open Parking,Pool,"$315,000",Washington
120 Darrington St SW,4 Beds,2 Baths,"1,509 sqft",1942,2 Open Spaces,No,"$450,000",Washington
5230 Georgia Ave NW #404,2 Beds,2 Baths,"1,110 sqft",2020,Open Parking,Pool,"$549,900",Washington
646 Newton Pl NW #203,3 Beds,3 Baths,"1,169 sqft",2020,1 Parking Spaces,Pool,"$624,999",Washington
1616 Foxhall Rd NW,5 Beds,6 Baths,"4,680 sqft",1989,2 Car Garage,No,"$2,495,000",Washington
2430 20th St NW,5 Beds,4 Baths,"2,620 sqft",1912,2 Parking Spaces,Pool,"$1,649,000",Washington
4400 Garfield St NW,8 Beds,11 Baths,"12,817 sqft ",1930,3 Car Garage,Yes,"$9,495,000",Washington
612 Eastern Ave NE #203,3 Beds,2 Baths,"1,317 sqft",1952,1 Parking Spaces,Pool,"$220,000",Washington
1301 Delaware Ave SW #N517,1 Bed,1 Bath,590 sqft,1962,Open Parking,Pool,"$199,000",Washington
1103 Park Rd NW #8,2 Beds,3 Baths,"1,161 sqft",1912,1 Parking Spaces,Pool,"$800,000",Washington
1425 Hopkins St NW #401,2 Beds,2 Baths,910 sqft,1918,Open Parking,Pool,"$565,000",Washington
4602 4th St NW,3 Beds,3 Baths,"1,932 sqft",1926,2 Open Spaces,Pool,"$825,000",Washington
2020 12th St NW #111,2 Beds,2 Baths,"1,100 sqft",2005,1 Car Garage,Pool,"$699,900",Washington
2812 13th St NW #1,2 Beds,2 Baths,845 sqft,1923,Open Parking,Pool,"$549,000",Washington
2710 Macomb St NW #406 & 407,2 Beds,2 Baths,"1,192 sqft",1960,2 Parking Spaces,Pool,"$605,000",Washington
2230 Massachusetts Ave NW,5 Beds,8 Baths,"9,625 sqft",1908,Open Parking,Pool,"$4,995,000",Washington
1308 A St SE,4 Beds,3 Baths,"2,988 sqft",1909,Garage,Pool,"$1,475,000",Washington
3025 Ontario Rd NW #207,1 Bed,1 Bath,750 sqft,1949,Open Parking,Pool,"$399,000",Washington
1316 8th St NW #1,2 Beds,2 Baths,905 sqft,2020,Open Parking,Pool,"$679,000",Washington
2566 University Pl NW #202,2 Beds,3 Baths,"1,180 sqft",2021,1 Parking Spaces,Pool,"$829,000",Washington
4222 Nash St SE,3 Beds,3 Baths,864 sqft,1947,Open Parking,No,"$475,000",Washington
1221 Wylie St NE,2 Beds,2 Baths,"1,100 sqft",1900,Open Parking,Pool,"$599,900",Washington
2633 Adams Mill Rd NW #404,1 Bed,1 Bath,770 sqft,1910,Open Parking,Pool,"$449,000",Washington
1957 Calvert St NW #B,1 Bed,1 Bath,860 sqft,1979,Open Parking,Pool,"$525,000",Washington
2425 L St NW #331,2 Beds,2 Baths,"1,380 sqft",2006,1 Car Garage,Pool,"$1,050,000",Washington
2909 30th St SE,4 Beds,3 Baths,"1,800 sqft",1951,No Info,No,"$449,900",Washington
8024 16th St NW,4 Beds,4 Baths,"3,013 sqft",1940,Garage,No,"$1,599,000",Washington
1354 Kenyon St NW #1,2 Beds,2 Baths,846 sqft,1890,None,Pool,"$569,000",Washington
1723 Q St NW #G4,Studio,1 Bath,434 sqft,1885,Open Parking,Pool,"$250,000",Washington
1206 11th St NW,4 Beds,2 Baths,"1,693 sqft",1977,1 Parking Spaces,Pool,"$899,900",Washington
1734 33rd Pl SE,4 Beds,3 Baths,"1,822 sqft",1940,Open Parking,No,"$644,900",Washington
5310 8th St NW,3 Beds,3 Baths,"1,892 sqft",1923,Open Parking,Pool,"$849,000",Washington
911 25th St NW,2 Beds,2 Baths,"1,301 sqft",1956,1 Parking Spaces,Pool,"$999,000",Washington
2506 I St NW,4 Beds,4 Baths,,1920,Open Parking,No,"$895,000",Washington
5106 N Capitol St NW,4 Beds,,"2,160 sqft",1938,1 Open Spaces,Pool,"$799,000",Washington
301 Massachusetts Ave NW #307,2 Beds,2 Baths,816 sqft,2006,1 Car Garage,Pool,"$550,000",Washington
3663 13th St NW,3 Beds,2 Baths,"1,865 sqft",1911,Open Parking,Pool,"$849,000",Washington
1462 Chapin St NW #6,1 Bed,1 Bath,662 sqft,2021,Open Parking,Pool,"$480,000",Washington
1311 Delaware Avenue Sw 826/s #S-827,2 Beds,3 Baths,"1,350 sqft",1962,Open Parking,Pool,"$339,000",Washington
1452 E Capitol St NE #1452,2 Beds,3 Baths,"1,410 sqft",1980,No Info,Pool,"$715,000",Washington
14 Gallatin St NW,3 Beds,3 Baths,"1,457 sqft",1938,Garage,Pool,"$659,000",Washington
1225 Fairmont St NW #105,2 Beds,1 Bath,618 sqft,2013,Open Parking,Pool,"$333,000",Washington
3304 R St NW,5 Beds,7 Baths,"9,070 sqft ",1955,2 Car Garage,No,"$11,500,000",Washington
1524 Independence Ave SE #2,2 Beds,2 Baths,812 sqft,1956,Open Parking,Pool,"$399,000",Washington
1816 New Hampshire Ave NW #1008,1 Bed,1 Bath,640 sqft,1965,Open Parking,Pool,"$419,000",Washington
1320 R St NW #5,1 Bed,1 Bath,686 sqft,1908,Open Parking,Pool,"$575,000",Washington
3268 Theodore R Hagans Dr NE,4 Beds,4 Baths,"2,250 sqft",2008,1 Car Garage,Pool,"$725,000",Washington
3001 Veazey Ter NW #1418,1 Bed,1 Bath,"1,000 sqft",1967,1 Car Garage,Pool,"$290,000",Washington
1930 New Hampshire Ave NW #35,1 Bed,1 Bath,609 sqft,1915,Open Parking,Pool,"$399,900",Washington
424 M St NW #8,2 Beds,2 Baths,"1,015 sqft",2021,No Info,Pool,"$825,000",Washington
1020 Pennsylvania Ave SE #304,2 Beds,1 Bath,"1,040 sqft",2007,1 Car Garage,Pool,"$689,000",Washington
245 15th St SE #103,2 Beds,2 Baths,915 sqft,2008,None,Pool,"$585,000",Washington
1440 Tuckerman St NW #203,1 Bed,1 Bath,700 sqft,1941,Open Parking,Pool,"$164,900",Washington
3901 Cathedral Ave NW #414,1 Bed,1 Bath,669 sqft,1938,1 Parking Spaces,Pool,"$255,000",Washington
148-148A S St NW,4 Beds,4 Baths,"2,040 sqft",2021,1 Carport Spaces,Pool,"$1,299,900",Washington
1821 I St NE #1,2 Beds,2 Baths,900 sqft,2019,Open Parking,Pool,"$450,000",Washington
2300 18th St NW #312,1 Bed,2 Baths,727 sqft,1908,None,Pool,"$429,000",Washington
6326 N Capitol St NW,3 Beds,2 Baths,"2,160 sqft",1947,Open Parking,No,"$599,999",Washington
2120 Vermont Ave NW #423,3 Beds,2 Baths,"1,385 sqft",2006,2 Car Garage,Pool,"$930,000",Washington
4701 49th St NW,3 Beds,3 Baths,"2,272 sqft",1931,Garage,No,"$1,259,000",Washington
613 Constitution Ave NE,6 Beds,4 Baths,"4,191 sqft",1887,2 Car Garage,No,"$2,950,000",Washington
1462 Chapin St NW #1,2 Beds,1 Bath,889 sqft,2021,Open Parking,Pool,"$525,000",Washington
5000 16th St NW,6 Beds,6 Baths,"5,900 sqft",2012,Garage,No,"$2,200,000",Washington
3101 Chain Bridge Rd NW,8 Beds,12 Baths,"12,750 sqft ",2004,4 Car Garage,Yes,"$7,995,000",Washington
1221 Kenyon St NW #1,2 Beds,2 Baths,"1,165 sqft",1922,Open Parking,Pool,"$739,000",Washington
1420 N St NW #403,1 Bed,1 Bath,504 sqft,1964,1 Car Garage,Pool,"$335,000",Washington
1621 T St NW #601,2 Beds,2 Baths,905 sqft,1925,None,Pool,"$659,000",Washington
2303 Bancroft Pl NW,5 Beds,7 Baths,"6,462 sqft",1913,1 Car Garage,No,"$5,800,000",Washington
1026 16th St NW #405 & 406,2 Beds,2 Baths,"1,450 sqft",1923,No Info,Pool,"$975,000",Washington
211 F St NE,4 Beds,3 Baths,"2,175 sqft",1910,Open Parking,Pool,"$1,439,000",Washington
420 4th St SE,3 Beds,3 Baths,"1,630 sqft",1890,Open Parking,No,"$1,435,000",Washington
3314 P St NW,4 Beds,5 Baths,"4,677 sqft",1900,1 Car Garage,Pool,"$3,495,000",Washington
5020 A St SE,5 Beds,5 Baths,"3,058 sqft",1940,No Info,No,"$799,900",Washington
1517 Massachusetts Ave SE,4 Beds,5 Baths,"2,582 sqft",1922,None,Pool,"$1,349,000",Washington
1840 Biltmore St NW #46,2 Beds,1 Bath,"1,140 sqft",1913,1 Parking Spaces,Pool,"$589,900",Washington
1621 R St SE,2 Beds,2 Baths,"1,142 sqft",1939,No Info,Pool,"$499,000",Washington
609 Maryland Ave NE #1,3 Beds,5 Baths,"2,738 sqft",1891,Open Parking,Pool,"$1,575,000",Washington
1741 Q St NW #A,2 Beds,2 Baths,885 sqft,1900,Open Parking,Pool,"$669,900",Washington
1820 13th St NW,5 Beds,6 Baths,"4,001 sqft",1900,Garage,Pool,"$2,700,000",Washington
909 12th St SE,2 Beds,1 Bath,828 sqft,1870,Open Parking,Pool,"$799,999",Washington
819 D St NE #21,2 Beds,2 Baths,"1,021 sqft",2016,Open Parking,Pool,"$735,000",Washington
1701 16th St NW #316,1 Bed,1 Bath,758 sqft,1920,Open Parking,Pool,"$429,000",Washington
334 14th St NE,2 Beds,1 Bath,832 sqft,1913,Open Parking,Pool,"$675,000",Washington
2016 2nd St NW #1,2 Beds,3 Baths,"1,340 sqft",2021,Open Parking,Pool,"$799,900",Washington
412 Constitution Ave NE,4 Beds,4 Baths,"2,937 sqft",1890,Open Parking,No,"$1,385,000",Washington
3513 17th St NW #8,1 Bed,2 Baths,"1,058 sqft",1982,1 Parking Spaces,Pool,"$619,000",Washington
2501 Calvert St NW #707,2 Beds,2 Baths,"1,188 sqft",1968,Open Parking,Pool,"$560,000",Washington
3408 Dent Pl NW,3 Beds,3 Baths,"2,122 sqft",1900,Open Parking,Pool,"$1,260,000",Washington
3022 Wisconsin Ave NW #106,1 Bed,1 Bath,479 sqft,1930,Open Parking,Pool,"$299,999",Washington
1823 Burke St SE,4 Beds,3 Baths,"1,288 sqft",1937,1 Parking Spaces,Pool,"$849,000",Washington
777 7th St NW #832,1 Bed,1 Bath,787 sqft,2005,Open Parking,Pool,"$399,900",Washington
2821 Olive St NW,2 Beds,3 Baths,"1,624 sqft",1900,Open Parking,Pool,"$1,665,000",Washington
1324 W St NW #1,2 Beds,2 Baths,900 sqft,1895,No Info,Pool,"$695,000",Washington
1437 Ridge Pl SE,3 Beds,2 Baths,"1,248 sqft",1927,Open Parking,Pool,"$449,000",Washington
2032 Belmont Rd NW #2040-108,1 Bed,1 Bath,879 sqft,1928,Open Parking,Pool,"$399,000",Washington
1510 N Capitol St NW #401,2 Beds,2 Baths,"1,011 sqft",2019,1 Car Garage,Pool,"$675,000",Washington
3930 Connecticut Ave NW #203H,2 Beds,2 Baths,"1,026 sqft",1928,Open Parking,Pool,"$479,900",Washington
1628 11th St NW #102,2 Beds,3 Baths,"1,700 sqft",2017,1 Car Garage,Pool,"$1,074,999",Washington
4032 8th St NE #4,2 Beds,2 Baths,805 sqft,1938,1 Open Spaces,Pool,"$462,500",Washington
300 Aspen St NW #301,1 Bed,1 Bath,712 sqft,1928,Open Parking,Pool,"$339,900",Washington
2100 19th St NW #701,2 Beds,1 Bath,650 sqft,1928,Open Parking,Pool,"$429,555",Washington
3251 Prospect St NW #410,1 Bed,1 Bath,720 sqft,1980,No Info,Pool,"$615,000",Washington
1820 Clydesdale Pl NW #306,2 Beds,1 Bath,925 sqft,1927,Open Parking,Pool,"$459,495",Washington
1214 Fairmont St NW #3,3 Beds,3 Baths,"1,650 sqft",2021,Open Parking,Pool,"$1,199,900",Washington
4520 43rd Pl NW,4 Beds,5 Baths,"3,825 sqft",2021,1 Open Spaces,No,"$2,999,999",Washington
802 Delafield Pl NW,3 Beds,4 Baths,"1,350 sqft",1925,Open Parking,Pool,"$849,500",Washington
1420 W St SE,6 Beds,3 Baths,"2,729 sqft",1905,Open Parking,No,"$475,000",Washington
2032 Belmont Rd NW #624,1 Bed,1 Bath,540 sqft,1928,Open Parking,Pool,"$319,900",Washington
1335 Ingraham St NW,4 Beds,4 Baths,"3,200 sqft",1926,Garage,No,"$1,199,999",Washington
1300 Euclid St NW #6,2 Beds,2 Baths,"1,754 sqft",1900,1 Car Garage,Pool,"$1,199,000",Washington
1615 Q St NW #804,2 Beds,1 Bath,708 sqft,1895,None,Pool,"$469,000",Washington
3704 Brandywine St NW,6 Beds,4 Baths,"3,523 sqft",1923,Garage,No,"$1,890,000",Washington
1311 E St SE #37,3 Beds,4 Baths,"2,300 sqft",2021,1 Car Garage,Pool,"$1,195,000",Washington
4347 Forest Ln NW,6 Beds,5 Baths,"3,610 sqft",1931,Garage,No,"$2,650,000",Washington
2800 Devonshire Pl NW #202,1 Bed,1 Bath,700 sqft,1939,Open Parking,Pool,"$324,900",Washington
4615 Dexter St NW,5 Beds,8 Baths,"7,200 sqft",2020,3 Car Garage,No,"$6,400,000",Washington
507 Longfellow St NW,5 Beds,3 Baths,"1,162 sqft",1923,Open Parking,Pool,"$575,000",Washington
3611 Winfield Ln NW,5 Beds,5 Baths,"3,224 sqft",1985,1 Car Garage,Pool,"$1,700,000",Washington
1815 A St SE #304,1 Bed,1 Bath,536 sqft,1920,Open Parking,Pool,"$323,900",Washington
1801 Clydesdale Pl NW #309,Studio,1 Bath,400 sqft,1950,Open Parking,Pool,"$155,000",Washington
4813 6th St NE,3 Beds,3 Baths,"1,600 sqft",1975,1 Car Garage,No,"$500,000",Washington
113 Elmira St SW,3 Beds,2 Baths,"1,414 sqft",1948,Open Parking,No,"$349,900",Washington
1111 25th St NW #304,1 Bed,1 Bath,835 sqft,2005,1 Car Garage,Pool,"$539,900",Washington
1701 16th St NW #856,1 Bed,1 Bath,673 sqft,1920,No Info,Pool,"$425,000",Washington
839 Kennedy St NW #C04,1 Bed,1 Bath,642 sqft,2020,Open Parking,Pool,"$299,000",Washington
1801 16th St NW #512,2 Beds,2 Baths,"1,180 sqft",1917,Open Parking,Pool,"$1,050,000",Washington
4200 Cathedral Ave NW #404,1 Bed,1 Bath,716 sqft,1957,Open Parking,Pool,"$229,000",Washington
1156 Owen Pl NE #1,2 Beds,2 Baths,700 sqft,2021,Open Parking,Pool,"$399,900",Washington
2212 Massachusetts Ave NW,6 Beds,5 Baths,"5,508 sqft",1916,Open Parking,Pool,"$2,790,000",Washington
3804 Porter St NW #101,1 Bed,1 Bath,795 sqft,1985,No Info,Pool,"$389,900",Washington
212 A St NE,5 Beds,7 Baths,"5,311 sqft",1900,2 Car Garage,No,"$4,995,000",Washington
813 Capitol Square Pl SW,4 Beds,4 Baths,"2,027 sqft",2001,1 Car Garage,Pool,"$1,049,000",Washington
4825 Dexter Ter NW,7 Beds,10 Baths,"13,391 sqft ",2006,3 Car Garage,No,"$6,795,000",Washington
1000 New Jersey Ave SE #319,2 Beds,2 Baths,"1,027 sqft",2006,1 Car Garage,Pool,"$624,000",Washington
4000 Tunlaw Rd NW #926,2 Beds,2 Baths,"1,067 sqft",1961,No Info,Pool,"$499,000",Washington
1701 16th St NW #724,2 Beds,1 Bath,897 sqft,1920,1 Parking Spaces,Pool,"$699,000",Washington
426 M St NW #A,2 Beds,3 Baths,"1,122 sqft",2006,1 Car Garage,Pool,"$715,000",Washington
1520 Independence Ave SE #1,2 Beds,2 Baths,777 sqft,1956,Open Parking,Pool,"$425,000",Washington
3026 P St NW,5 Beds,7 Baths,"6,280 sqft",1810,Garage,Pool,"$5,500,000",Washington
631 Lexington Pl NE,5 Beds,5 Baths,"2,461 sqft",1911,1 Parking Spaces,Pool,"$1,849,900",Washington
5050 Garfield St NW,8 Beds,8 Baths,"6,150 sqft",1954,2 Open Spaces,No,"$2,450,000",Washington
1312 P St NW,2 Beds,3 Baths,"1,062 sqft",1965,Open Parking,Pool,"$695,000",Washington
1011 M St NW #703,2 Beds,2 Baths,915 sqft,2016,Open Parking,Pool,"$769,000",Washington
713 Brandywine St SE #203,2 Beds,1 Bath,655 sqft,1953,Garage,Pool,"$158,000",Washington
5722 Foote St NE,4 Beds,3 Baths,"2,050 sqft",1920,Open Parking,No,"$539,900",Washington
2820 O St NW #2824,7 Beds,9 Baths,"7,225 sqft",1810,2 Car Garage,No,"$11,600,000",Washington
5021 13th St NE,3 Beds,1 Bath,"1,504 sqft",1947,2 Open Spaces,No,"$525,000",Washington
3279 Sutton Pl NW #C,2 Beds,3 Baths,"1,332 sqft",1980,2 Parking Spaces,Pool,"$750,000",Washington
300 M St SW #N715,2 Beds,2 Baths,"1,144 sqft",1967,1 Car Garage,Pool,"$419,900",Washington
3005 45th St NW,8 Beds,13 Baths,"15,100 sqft ",1927,3 Car Garage,No,"$9,900,000",Washington
3632 Prospect St NW,5 Beds,5 Baths,"2,999 sqft",1962,5 Parking Spaces,No,"$3,250,000",Washington
930 9th St NE,3 Beds,3 Baths,"1,200 sqft",1910,No Info,Pool,"$869,000",Washington
1718 29th St SE,3 Beds,2 Baths,"1,489 sqft",1937,Open Parking,No,"$534,500",Washington
777 7th St NW #1013,2 Beds,2 Baths,"1,425 sqft",2005,Open Parking,Pool,"$759,000",Washington
235 Emerson St NW #106,1 Bed,1 Bath,700 sqft,1929,Open Parking,Pool,"$160,000",Washington
212 Varnum St NW #2,2 Beds,2 Baths,750 sqft,2020,Open Parking,Pool,"$474,900",Washington
1401 R St NW #406,1 Bed,1 Bath,705 sqft,1920,Open Parking,Pool,"$599,000",Washington
1442 Harvard St NW #1,2 Beds,2 Baths,837 sqft,1901,Open Parking,Pool,"$470,000",Washington
2100 Dunmore Ln NW,5 Beds,7 Baths,"9,100 sqft",2010,4 Car Garage,No,"$6,300,000",Washington
3577 Warder St NW #101,2 Beds,2 Baths,839 sqft,2010,1 Open Spaces,Pool,"$529,900",Washington
4237 Eads St NE,7 Beds,4 Baths,"1,737 sqft",1949,Open Parking,No,"$699,999",Washington
3350 17th St NW #2,2 Beds,2 Baths,880 sqft,1912,Open Parking,Pool,"$630,000",Washington
1833 S St NW #B1,2 Beds,1 Bath,624 sqft,1916,Open Parking,Pool,"$350,000",Washington
2700 Woodley Pl NW,3 Beds,4 Baths,"2,439 sqft",1924,3 Open Spaces,Pool,"$1,374,950",Washington
530 N St SW #S408,1 Bed,1 Bath,762 sqft,1966,Open Parking,Pool,"$349,900",Washington
2101 11th St NW #204,2 Beds,2 Baths,890 sqft,2013,1 Car Garage,Pool,"$724,900",Washington
3205 Georgia Ave NW #302,1 Bed,1 Bath,461 sqft,2014,Open Parking,Pool,"$344,900",Washington
4002 E St SE #105,2 Beds,1 Bath,997 sqft,1958,Open Parking,Pool,"$10,000",Washington
718 Malcolm X Ave SE,3 Beds,4 Baths,"1,870 sqft",1908,2 Car Garage,No,"$650,000",Washington
4000 Cathedral Ave NW #642B,1 Bed,1 Bath,900 sqft,1931,No Info,Pool,"$265,000",Washington
1704 D St NE,5 Beds,4 Baths,"2,368 sqft",1931,2 Parking Spaces,Pool,"$1,250,000",Washington
1658 K St NE #5,2 Beds,2 Baths,862 sqft,2020,No Info,Pool,"$479,900",Washington
3121 11th St NW,4 Beds,3 Baths,"2,427 sqft",1907,Open Parking,Pool,"$950,000",Washington
1133 13th St NW #405,2 Beds,1 Bath,567 sqft,1923,Open Parking,Pool,"$299,500",Washington
3900 Cathedral Ave #412A,2 Beds,1 Bath,"1,350 sqft",1929,No Info,Pool,"$485,000",Washington
509 Franklin St NE #1,4 Beds,4 Baths,"1,600 sqft",1935,1 Carport Spaces,Pool,"$835,000",Washington
603 Kennedy St NW #3,3 Beds,3 Baths,"1,408 sqft",2016,1 Open Spaces,Pool,"$637,500",Washington
2300 18th St NW #207,1 Bed,1 Bath,560 sqft,1908,Open Parking,Pool,"$389,000",Washington
3420 N St NW,3 Beds,4 Baths,"2,150 sqft",1900,2 Parking Spaces,Pool,"$3,100,000",Washington
225 20th St NE #2,2 Beds,2 Baths,"1,300 sqft",2017,Open Parking,Pool,"$675,000",Washington
719 12th St SE #2,2 Beds,3 Baths,"1,677 sqft",2015,1 Parking Spaces,Pool,"$869,000",Washington
1954 Columbia Rd NW #511,1 Bed,1 Bath,596 sqft,1927,Open Parking,Pool,"$349,000",Washington
6219 9th St NW,5 Beds,5 Baths,"3,644 sqft",2021,Open Parking,No,"$1,475,000",Washington
2231 Bancroft Pl NW #4A,2 Beds,2 Baths,"1,564 sqft",1923,1 Parking Spaces,Pool,"$1,200,000",Washington
2478 Ontario Rd NW,6 Beds,4 Baths,"3,498 sqft",1905,2 Carport Spaces,Pool,"$1,395,000",Washington
1390 Kenyon St NW #801,2 Beds,2 Baths,"1,181 sqft",2007,2 Car Garage,Pool,"$674,801",Washington
1101 3rd St SW #404,2 Beds,1 Bath,"1,118 sqft",1960,1 Parking Spaces,Pool,"$599,900",Washington
4716 10th St NE,4 Beds,3 Baths,"1,724 sqft",1941,Garage,Pool,"$789,000",Washington
2122 O St NW #1,2 Beds,2 Baths,,2021,1 Parking Spaces,Pool,"$799,999",Washington
2016 2nd St NW #2,2 Beds,3 Baths,"1,320 sqft",2021,Open Parking,Pool,"$799,900",Washington
1815 T St NW,3 Beds,3 Baths,"2,268 sqft",1976,1 Parking Spaces,Pool,"$1,445,000",Washington
2710 Poplar St NW,1 Bed,2 Baths,900 sqft,1900,Open Parking,Pool,"$850,000",Washington
1418 D St NE,3 Beds,2 Baths,"1,584 sqft",1927,Open Parking,Pool,"$799,000",Washington
535 10th St SE,3 Beds,3 Baths,"1,334 sqft",1900,Open Parking,Pool,"$949,000",Washington
216 21st St NE #2,2 Beds,2 Baths,710 sqft,1938,1 Parking Spaces,Pool,"$425,000",Washington
123 5th St NE,6 Beds,6 Baths,"3,208 sqft",1900,2 Open Spaces,Pool,"$2,495,000",Washington
1375 Emerald St NE,3 Beds,3 Baths,"1,420 sqft",1900,Open Parking,Pool,"$875,000",Washington
3535 13th St NW #1,2 Beds,2 Baths,839 sqft,1910,Open Parking,Pool,"$524,900",Washington
4595 Macarthur Blvd NW #6,2 Beds,2 Baths,"1,050 sqft",1954,Open Parking,Pool,"$549,000",Washington
639 Morton St NW,2 Beds,2 Baths,"1,276 sqft",1928,Open Parking,No,"$650,000",Washington
2540 Massachusetts Ave NW #207,3 Beds,3 Baths,"2,350 sqft",1923,No Info,Pool,"$1,195,000",Washington
4004 Highwood Ct NW,3 Beds,4 Baths,"2,932 sqft",1989,1 Car Garage,Pool,"$1,695,000",Washington
601 N Carolina Ave SE,4 Beds,4 Baths,"2,954 sqft",1890,Open Parking,Pool,"$1,650,000",Washington
333 2nd St NE #305,Studio,1 Bath,420 sqft,1900,Open Parking,Pool,"$287,000",Washington
1660 W Virginia Ave NE #102,2 Beds,1 Bath,665 sqft,2008,Open Parking,Pool,"$280,000",Washington
1111 Orren St NE #102,1 Bed,1 Bath,569 sqft,2016,Open Parking,Pool,"$369,900",Washington
1459 S St NW #1,2 Beds,2 Baths,"1,065 sqft",1910,Open Parking,Pool,"$725,000",Washington
4555 Macarthur Blvd NW #G3,1 Bed,1 Bath,650 sqft,1967,1 Parking Spaces,Pool,"$279,000",Washington
2443 Kalorama Rd NW,7 Beds,8 Baths,"9,655 sqft",1928,2 Car Garage,No,"$5,990,000",Washington
3150 S St NW #Ph2c & 1m,4 Beds,7 Baths,"6,407 sqft",2003,2 Car Garage,Pool,"$18,000,000",Washington
3370 Minnesota Ave SE,4 Beds,3 Baths,"2,366 sqft",1930,1 Car Garage,No,"$649,900",Washington
518 E Archibald Walk SE,2 Beds,1 Bath,676 sqft,1900,Open Parking,Pool,"$645,900",Washington
1514 21st St NW #4,2 Beds,3 Baths,"1,384 sqft",1996,1 Parking Spaces,Pool,"$899,000",Washington
6430 8th St NW,3 Beds,2 Baths,"1,596 sqft",1928,No Info,No,"$699,988",Washington
4707 Connecticut Ave NW #311,1 Bed,1 Bath,737 sqft,1930,Open Parking,Pool,"$320,000",Washington
863 Hr Dr SE,4 Beds,4 Baths,"1,804 sqft",2000,Open Parking,Pool,"$459,000",Washington
727 Capitol Square Pl SW,4 Beds,4 Baths,"2,233 sqft",2001,1 Car Garage,Pool,"$1,095,000",Washington
240 M St SW #E502,1 Bed,2 Baths,748 sqft,1967,Open Parking,Pool,"$349,000",Washington
424 M St NW #3,1 Bed,2 Baths,653 sqft,2021,Open Parking,Pool,"$495,000",Washington
818 Emerson St NW,3 Beds,4 Baths,"2,204 sqft",1925,Open Parking,Pool,"$875,000",Washington
1508 F St NE #4,1 Bed,2 Baths,645 sqft,1941,1 Parking Spaces,Pool,"$465,000",Washington
27 Logan Cir NW #11,2 Beds,3 Baths,"1,357 sqft",2000,Open Parking,Pool,"$834,927",Washington
222 Parker St NE,1 Bed,1 Bath,782 sqft,1900,Open Parking,Pool,"$649,000",Washington
1301 Delaware Ave SW #N219,1 Bed,1 Bath,700 sqft,1962,No Info,Pool,"$159,500",Washington
5 N St NW,3 Beds,3 Baths,"1,644 sqft",1900,Open Parking,Pool,"$849,999",Washington
1468 Newton St NW #2,2 Beds,3 Baths,"1,118 sqft",1902,2 Parking Spaces,Pool,"$810,000",Washington
909 L St NE,4 Beds,4 Baths,"1,710 sqft",1910,1 Open Spaces,No,"$1,095,000",Washington
3960 Pennsylvania Ave SE #3960-306,2 Beds,1 Bath,640 sqft,1940,None,Pool,"$215,000",Washington
531 Kennedy St NW #7,2 Beds,2 Baths,875 sqft,2021,1 Open Spaces,Pool,"$440,000",Washington
715 18th St NE #1,2 Beds,3 Baths,"1,050 sqft",1911,Open Parking,Pool,"$435,000",Washington
517 Cedar St NW,6 Beds,6 Baths,"4,296 sqft",1894,Open Parking,No,"$1,700,000",Washington
716 3rd St NE,4 Beds,3 Baths,"2,146 sqft",1890,2 Parking Spaces,Pool,"$1,049,000",Washington
1390 Kenyon St NW #709,2 Beds,2 Baths,"1,000 sqft",2007,1 Car Garage,Pool,"$599,900",Washington
5754 Colorado Ave NW #1B,2 Beds,1 Bath,636 sqft,1938,Open Parking,Pool,"$317,400",Washington
1831 Belmont Rd NW #104,1 Bed,1 Bath,704 sqft,1911,Open Parking,Pool,"$399,000",Washington
3024 Porter St NW #201,2 Beds,1 Bath,717 sqft,1925,Open Parking,Pool,"$414,900",Washington
1243 Rock Creek Ford Rd NW,4 Beds,4 Baths,"1,922 sqft",1910,Open Parking,Pool,"$759,000",Washington
1023 6th St NE,Studio,,"1,410 sqft",1900,Open Parking,Pool,"$799,000",Washington
2123 California St NW #C4,2 Beds,2 Baths,"1,132 sqft",1911,Open Parking,Pool,"$549,000",Washington
1202 Jackson St NE #105,2 Beds,3 Baths,852 sqft,2016,1 Parking Spaces,Pool,"$499,000",Washington
1728 18th St NW,4 Beds,4 Baths,"2,688 sqft",1905,Open Parking,Pool,"$1,485,000",Washington
1301 Delaware Ave SW #N525,2 Beds,2 Baths,850 sqft,1962,1 Parking Spaces,Pool,"$317,000",Washington
1402 Massachusetts Ave SE,3 Beds,4 Baths,"2,172 sqft",1917,1 Parking Spaces,No,"$1,099,999",Washington
768 Water Lily Ln NE,3 Beds,3 Baths,"1,350 sqft",2014,Open Parking,Pool,"$499,900",Washington
3030 K St NW #101,2 Beds,3 Baths,"2,350 sqft",1984,1 Car Garage,Pool,"$1,000,000",Washington
4400 Lee St NE,4 Beds,4 Baths,"2,670 sqft",2021,Open Parking,No,"$575,000",Washington
3601 Connecticut Ave NW #L10,2 Beds,1 Bath,"1,300 sqft",1928,1 Car Garage,Pool,"$594,500",Washington
1758 Corcoran St NW #2,Studio,1 Bath,490 sqft,1895,Open Parking,Pool,"$349,000",Washington
2021 O St NW,5 Beds,4 Baths,"3,266 sqft",1900,No Info,Pool,"$1,795,000",Washington
1915 H St NE #3,2 Beds,2 Baths,896 sqft,1927,Open Parking,Pool,"$485,000",Washington
1200 23rd St NW #803,1 Bed,2 Baths,900 sqft,1981,No Info,Pool,"$299,000",Washington
644 Massachusetts Ave NE #205,1 Bed,1 Bath,827 sqft,1924,Open Parking,Pool,"$400,000",Washington
1718 Corcoran St NW #4,1 Bed,1 Bath,500 sqft,1885,Open Parking,Pool,"$289,500",Washington
1536 8th St NW,3 Beds,3 Baths,"1,548 sqft",1900,Open Parking,Pool,"$950,000",Washington
414 Seward Sq SE #104,1 Bed,1 Bath,413 sqft,1928,Open Parking,Pool,"$295,000",Washington
1415 33rd St NW,4 Beds,5 Baths,"3,110 sqft",1850,Garage,No,"$3,195,000",Washington
1107 G St SE,4 Beds,4 Baths,"2,187 sqft",1909,Open Parking,Pool,"$1,345,000",Washington
1440 Church St NW #304,2 Beds,2 Baths,"1,111 sqft",2002,1 Car Garage,Pool,"$899,000",Washington
2120 Vermont Ave NW #405,1 Bed,1 Bath,626 sqft,2006,1 Car Garage,Pool,"$489,900",Washington
1495 Newton St NW #B101,1 Bed,1 Bath,730 sqft,1910,Open Parking,Pool,"$299,000",Washington
18 T St NW,5 Beds,4 Baths,"2,622 sqft",1910,2 Carport Spaces,Pool,"$1,325,000",Washington
3518 Newark St NW,6 Beds,4 Baths,"3,350 sqft",1913,Open Parking,No,"$3,250,000",Washington
4000 Cathedral Ave NW #340B,1 Bed,1 Bath,950 sqft,1931,No Info,Pool,"$255,000",Washington
38 Kings Ct SE,,,,,,,"$235,000",Washington
7715 Alaska Ave NW,6 Beds,5 Baths,"3,295 sqft",1924,Garage,No,"$1,450,000",Washington
445 M St NW #1,3 Beds,3 Baths,"1,600 sqft",2021,None,Pool,"$899,950",Washington
5356 E St SE,3 Beds,4 Baths,"2,619 sqft",2019,Open Parking,No,"$515,000",Washington
525 3rd St NE,3 Beds,2 Baths,"1,468 sqft",1890,Open Parking,Pool,"$1,025,000",Washington
2408 37th St NW,7 Beds,4 Baths,"2,504 sqft",1927,Open Parking,Pool,"$1,375,000",Washington
2460 Tunlaw Rd NW,3 Beds,3 Baths,"1,374 sqft",1926,1 Car Garage,Pool,"$1,049,000",Washington
1670 34th St NW,2 Beds,3 Baths,"2,085 sqft",1900,Open Parking,Pool,"$1,475,000",Washington
1125 11th St NW #102,2 Beds,2 Baths,"1,630 sqft",2007,Open Parking,Pool,"$659,000",Washington
2900 K St NW #601,4 Beds,6 Baths,"6,000 sqft",2008,2 Car Garage,Pool,"$12,000,000",Washington
749 Nicholson St NE,3 Beds,3 Baths,"1,713 sqft",1953,Open Parking,No,"$529,900",Washington
1441 Spring Rd NW #304,3 Beds,2 Baths,899 sqft,1923,Open Parking,Pool,"$400,000",Washington
1309 Q St NW #2,3 Beds,3 Baths,"2,055 sqft",1895,1 Open Spaces,Pool,"$1,645,000",Washington
1437 Rhode Island Ave NW #707,2 Beds,2 Baths,"1,008 sqft",1998,Garage,Pool,"$699,000",Washington
4250 Edson Pl NE,5 Beds,,"1,598 sqft",1941,Open Parking,Pool,"$499,000",Washington
1831 2nd St NE #409,1 Bed,1 Bath,540 sqft,1900,Open Parking,Pool,"$299,000",Washington
3701 Connecticut Ave NW #520,1 Bed,1 Bath,675 sqft,1951,Open Parking,Pool,"$285,000",Washington
5325 Central Ave SE,3 Beds,2 Baths,920 sqft,1938,Open Parking,No,"$474,900",Washington
2816 O St NW,4 Beds,5 Baths,"3,525 sqft",1900,1 Parking Spaces,No,"$4,495,000",Washington
1529 14th St NW #404,2 Beds,2 Baths,727 sqft,2006,Open Parking,Pool,"$579,000",Washington
1313 Irving St NW #1,3 Beds,3 Baths,"1,692 sqft",1900,1 Parking Spaces,Pool,"$930,000",Washington
1225 N St NW #A,2 Beds,1 Bath,784 sqft,1989,1 Parking Spaces,Pool,"$650,000",Washington
1355 Shepherd St NW #1,2 Beds,2 Baths,973 sqft,1913,Garage,Pool,"$575,000",Washington
3035 15th St NW #404,2 Beds,2 Baths,"1,116 sqft",2016,1 Car Garage,Pool,"$799,900",Washington
724 7th St NE,6 Beds,6 Baths,"4,529 sqft",1907,Garage,Pool,"$2,299,900",Washington
1926 4th St NE,4 Beds,3 Baths,"2,225 sqft",1927,Open Parking,No,"$750,000",Washington
2564 University Pl NW,6 Beds,,"3,464 sqft",1910,4 Parking Spaces,Pool,"$1,650,000",Washington
3120 R St NW #107,1 Bed,1 Bath,423 sqft,1966,Open Parking,Pool,"$425,000",Washington
2750 14th St NW #501,3 Beds,2 Baths,"1,338 sqft",2006,1 Car Garage,Pool,"$699,900",Washington
45 Sutton Sq SW #502,1 Bed,1 Bath,720 sqft,2017,1 Car Garage,Pool,"$799,000",Washington
2302 Kalorama Rd NW,6 Beds,7 Baths,"5,170 sqft",1927,4 Parking Spaces,No,"$5,095,000",Washington
1014 D St NE,8 Beds,5 Baths,"3,984 sqft",1900,Garage,Pool,"$1,695,000",Washington
1468 Newton St NW #1,3 Beds,3 Baths,"1,275 sqft",1902,2 Parking Spaces,Pool,"$775,000",Washington
1316 Shepherd 1/2 St #2,2 Beds,3 Baths,"1,700 sqft",2016,Open Parking,Pool,"$815,000",Washington
1902 Vermont Ave NW #A,3 Beds,3 Baths,"2,092 sqft",2013,1 Car Garage,Pool,"$1,149,900",Washington
1301 Delaware Ave SW #N225,2 Beds,2 Baths,865 sqft,1962,No Info,Pool,"$269,900",Washington
460 New York Ave NW #204,1 Bed,1 Bath,582 sqft,2015,Open Parking,Pool,"$450,000",Washington
1439 Chapin St NW #303,2 Beds,2 Baths,834 sqft,1966,Open Parking,Pool,"$589,000",Washington
3900 Connecticut Ave NW #203F,2 Beds,1 Bath,"1,359 sqft",1928,No Info,Pool,"$462,000",Washington
519 Florida Ave NW #2,2 Beds,2 Baths,695 sqft,1900,1 Parking Spaces,Pool,"$569,000",Washington
165 Adams St NW,4 Beds,4 Baths,"2,079 sqft",1909,No Info,Pool,"$844,000",Washington
39 Crittenden St NE,3 Beds,2 Baths,"1,088 sqft",1940,3 Open Spaces,Pool,"$575,000",Washington
1701 16th St NW #704,Studio,1 Bath,320 sqft,1920,Open Parking,Pool,"$204,900",Washington
676 4th St NE #106,2 Beds,3 Baths,"1,044 sqft",1908,Open Parking,Pool,"$728,328",Washington
3267 N St NW #1,1 Bed,2 Baths,897 sqft,1870,Open Parking,Pool,"$659,000",Washington
3299 K St NW #702,1 Bed,2 Baths,887 sqft,1978,1 Car Garage,Pool,"$719,000",Washington
1219 Queen St NE #1,2 Beds,2 Baths,761 sqft,2020,Open Parking,Pool,"$410,900",Washington
1750 Seaton St NW,2 Beds,3 Baths,"1,304 sqft",1900,2 Open Spaces,Pool,"$1,099,000",Washington
7723 Alaska Ave NW #P-4,Studio,,,1950,Open Parking,No,"$25,000",Washington
755 Fairmont St NW #1,2 Beds,2 Baths,910 sqft,1900,Open Parking,Pool,"$609,000",Washington
4600 Connecticut Ave NW #219,3 Beds,2 Baths,"1,227 sqft",1948,1 Car Garage,Pool,"$550,000",Washington
3614 13th St NW #2,3 Beds,4 Baths,"2,013 sqft",2016,Open Parking,Pool,"$1,099,000",Washington
2425 L St NW #233,1 Bed,1 Bath,805 sqft,2006,1 Car Garage,Pool,"$549,999",Washington
1415 K St SE,2 Beds,2 Baths,"1,168 sqft",1913,Garage,Pool,"$709,900",Washington
45 Sutton Sq SW #19,3 Beds,2 Baths,"1,530 sqft",2017,2 Car Garage,Pool,"$1,775,000",Washington
3015 Whitehaven St NW,5 Beds,5 Baths,"4,896 sqft",1936,Garage,No,"$3,250,000",Washington
226 Kentucky Ave SE #C-4,3 Beds,3 Baths,"1,700 sqft",2021,Open Parking,Pool,"$879,000",Washington
3835 Halley Ter SE,4 Beds,4 Baths,"1,376 sqft",1936,3 Open Spaces,No,"$699,000",Washington
716 13th St NE,3 Beds,2 Baths,"1,983 sqft",1900,Open Parking,No,"$919,000",Washington
2217 12th Pl NW,2 Beds,3 Baths,912 sqft,1895,1 Parking Spaces,Pool,"$839,900",Washington
3446 Connecticut Ave NW #102,2 Beds,1 Bath,698 sqft,1927,Open Parking,Pool,"$395,000",Washington
51 T St NE #1,3 Beds,3 Baths,"1,400 sqft",1900,1 Car Garage,Pool,"$749,500",Washington
1010 Massachusetts Ave NW #113,2 Beds,2 Baths,996 sqft,2007,1 Car Garage,Pool,"$710,000",Washington
349 L St SE,4 Beds,3 Baths,"1,596 sqft",2012,1 Car Garage,Pool,"$995,000",Washington
1900 Vermont Ave NW #A,3 Beds,3 Baths,"2,200 sqft",2013,1 Car Garage,Pool,"$1,185,000",Washington
615 Florida Ave NW #1,3 Beds,2 Baths,"1,550 sqft",1900,1 Open Spaces,Pool,"$699,000",Washington
2707 Adams Mill Rd NW #105,2 Beds,1 Bath,"1,180 sqft",1927,Open Parking,Pool,"$499,000",Washington
45 Sutton Sq SW #1119,2 Beds,2 Baths,"1,011 sqft",2017,1 Car Garage,Pool,"$1,029,000",Washington
1516 K St SE #4B,1 Bed,1 Bath,723 sqft,2016,Open Parking,Pool,"$424,900",Washington
730 24th St NW #510,2 Beds,1 Bath,780 sqft,1961,None,Pool,"$325,000",Washington
207 3rd St SE,Studio,,"4,406 sqft",1890,2 Car Garage,Pool,"$2,050,000",Washington
1816 New Hampshire Ave NW #908,1 Bed,1 Bath,650 sqft,1965,1 Parking Spaces,Pool,"$465,000",Washington
2601 Foxhall Rd NW,6 Beds,8 Baths,"10,500 sqft ",1935,3 Car Garage,No,"$6,950,000",Washington
4606 W St NW,7 Beds,6 Baths,"5,156 sqft",1954,2 Car Garage,No,"$3,590,000",Washington
3701 Connecticut Ave NW #617,Studio,1 Bath,425 sqft,1951,None,Pool,"$189,000",Washington
3271 Sutton Pl NW #B,2 Beds,3 Baths,"1,332 sqft",1980,1 Parking Spaces,Pool,"$719,000",Washington
1111 23rd St NW #6G,2 Beds,2 Baths,"1,147 sqft",2000,Garage,Pool,"$1,245,000",Washington
1245 4th St SW #E201,1 Bed,1 Bath,836 sqft,1964,1 Car Garage,Pool,"$349,000",Washington
1259 F St NE,3 Beds,3 Baths,"1,904 sqft",1887,Open Parking,Pool,"$1,095,000",Washington
2217 Franklin St NE,4 Beds,4 Baths,"2,442 sqft",1932,Open Parking,No,"$995,000",Washington
428 Ridge Rd SE #206,2 Beds,1 Bath,877 sqft,1958,Open Parking,Pool,"$99,999",Washington
3019 Arizona Ave NW,6 Beds,5 Baths,"3,660 sqft ",1962,2 Car Garage,No,"$2,250,000",Washington
1925 16th St NW #401,1 Bed,1 Bath,747 sqft,1924,Open Parking,Pool,"$464,900",Washington
660 Morton Pl NE #6,1 Bed,1 Bath,600 sqft,1908,Open Parking,Pool,"$399,555",Washington
729 Harvard St NW,2 Beds,3 Baths,"1,530 sqft",1913,Open Parking,Pool,"$775,000",Washington
900 11th St SE #307,1 Bed,1 Bath,700 sqft,2017,None,Pool,"$499,900",Washington
617 16th St NE,3 Beds,3 Baths,"1,646 sqft",1908,2 Open Spaces,Pool,"$765,000",Washington
2707 Adams Mill Rd NW #308,1 Bed,1 Bath,550 sqft,1927,Open Parking,Pool,"$299,900",Washington
2200 17th St NW #207,2 Beds,3 Baths,"2,041 sqft",2005,2 Car Garage,Pool,"$1,099,900",Washington
800 4th St SW #N302,2 Beds,1 Bath,897 sqft,1959,1 Parking Spaces,Pool,"$499,000",Washington
3051 Idaho Ave NW #216,1 Bed,1 Bath,630 sqft,1937,Open Parking,Pool,"$275,000",Washington
4101 Albemarle St NW #301,1 Bed,1 Bath,867 sqft,2005,1 Car Garage,Pool,"$525,000",Washington
220 63rd St NE,3 Beds,2 Baths,"1,131 sqft",1945,Open Parking,Pool,"$395,000",Washington
709 E Capitol St SE,3 Beds,3 Baths,"2,738 sqft",1876,1 Parking Spaces,Pool,"$1,799,000",Washington
4551 Eads Pl NE,3 Beds,2 Baths,"1,536 sqft",1944,Open Parking,Pool,"$399,999",Washington
2038 18th St NW #102,2 Beds,2 Baths,"1,104 sqft",1910,Open Parking,Pool,"$639,900",Washington
1915 16th St NW #404,1 Bed,1 Bath,650 sqft,1923,Open Parking,Pool,"$349,900",Washington
1110 8th St NE,3 Beds,2 Baths,"1,498 sqft",1910,Garage,Pool,"$750,000",Washington
916 G St NW #402,2 Beds,2 Baths,"1,280 sqft",2002,None,Pool,"$725,000",Washington
1701 16th St NW #711,2 Beds,1 Bath,950 sqft,1920,Open Parking,Pool,"$569,000",Washington
601 I St SW,3 Beds,3 Baths,"2,583 sqft",1965,1 Parking Spaces,Pool,"$1,095,000",Washington
1239 30th St NW,2 Beds,2 Baths,"1,551 sqft",1900,None,Pool,"$1,299,999",Washington
724 Taylor St NE,2 Beds,2 Baths,"1,248 sqft",1938,Open Parking,Pool,"$565,000",Washington
6803 Cameron Dr NW #305,2 Beds,2 Baths,"1,010 sqft",2021,1 Car Garage,Pool,"$735,000",Washington
1224 30th St NW,10 Beds,8 Baths,"11,100 sqft ",1840,Garage,No,"$10,800,000",Washington
2440 16th St NW #203,Studio,1 Bath,400 sqft,1929,None,Pool,"$250,000",Washington
522 21st St NW #NW-P-13,Studio,,100 sqft,1989,1 Car Garage,No,"$45,000",Washington
1514 Newton St NW #B2,2 Beds,2 Baths,623 sqft,1966,Open Parking,Pool,"$365,000",Washington
207 8th St NE #2,4 Beds,3 Baths,"2,120 sqft",2021,No Info,Pool,"$1,795,000",Washington
3320 Prospect St NW,5 Beds,3 Baths,"1,898 sqft",1900,Open Parking,Pool,"$1,695,000",Washington
950 25th St NW #612N,1 Bed,1 Bath,700 sqft,1966,Open Parking,Pool,"$269,000",Washington
4319 Murdock Mill Rd NW,6 Beds,5 Baths,"3,511 sqft",1945,4 Open Spaces,No,"$2,550,000",Washington
1523 Park Rd NW #201,2 Beds,1 Bath,"1,058 sqft",1905,None,Pool,"$470,000",Washington
1810 Minnesota Ave SE #102,2 Beds,3 Baths,"1,771 sqft",1935,Open Parking,Pool,"$359,500",Washington
1620 15th St NW,5 Beds,,"4,215 sqft",1885,Open Parking,Pool,"$2,945,000",Washington
7056 Eastern Ave NW #7060-307,3 Beds,1 Bath,"1,200 sqft",1966,Open Parking,Pool,"$325,000",Washington
1018 13th St SE #1,2 Beds,2 Baths,806 sqft,1912,Open Parking,Pool,"$519,900",Washington
322 G St SE,2 Beds,3 Baths,"1,662 sqft",1890,Open Parking,Pool,"$938,500",Washington
2410 Good Hope Rd SE #101,1 Bed,1 Bath,650 sqft,1940,Open Parking,Pool,"$89,900",Washington
750 Rock Creek Church Rd NW,5 Beds,4 Baths,"3,110 sqft",1910,Open Parking,Pool,"$1,150,000",Washington
4033 22nd St NE,5 Beds,4 Baths,"3,500 sqft",1927,5 Open Spaces,No,"$1,150,000",Washington
1801 Clydesdale Pl NW #222,1 Bed,1 Bath,687 sqft,1950,Open Parking,Pool,"$279,000",Washington
1327 R St NW #1,4 Beds,5 Baths,"3,063 sqft",2021,1 Carport Spaces,Pool,"$2,495,000",Washington
2311 M St NW #701,1 Bed,2 Baths,888 sqft,1989,1 Car Garage,Pool,"$750,000",Washington
3730 W St NW,5 Beds,6 Baths,"4,700 sqft",1931,1 Car Garage,No,"$2,995,000",Washington
1301 Rhode Island Ave NW #4,2 Beds,2 Baths,"1,455 sqft",1886,Open Parking,Pool,"$1,150,000",Washington
4609 Macarthur Blvd NW #B,2 Beds,3 Baths,"1,174 sqft",1900,No Info,Pool,"$675,000",Washington
20 Chesapeake St SE #4,1 Bed,1 Bath,600 sqft,1950,No Info,Pool,"$45,000",Washington
903 Hughes Mews NW #4,2 Beds,3 Baths,"1,304 sqft",1985,1 Parking Spaces,Pool,"$1,079,000",Washington
149 Forrester St SW,2 Beds,2 Baths,"1,296 sqft",1942,Open Parking,Pool,"$429,900",Washington
1725 17th St NW #104,1 Bed,2 Baths,900 sqft,1917,Open Parking,Pool,"$489,000",Washington
2000 16th St NW #3,2 Beds,2 Baths,853 sqft,1900,Open Parking,Pool,"$499,000",Washington
4836 New Hampshire Ave NW,8 Beds,4 Baths,"3,039 sqft",1935,Open Parking,Pool,"$799,900",Washington
4025 7th St NE #1,2 Beds,2 Baths,779 sqft,1937,1 Parking Spaces,Pool,"$465,000",Washington
2118 3rd St NE #A,3 Beds,3 Baths,"1,618 sqft",2014,1 Open Spaces,Pool,"$729,900",Washington
1441 Rhode Island Ave NW #319,2 Beds,1 Bath,905 sqft,2003,1 Car Garage,Pool,"$749,900",Washington
6526 N Capitol St NW,2 Beds,1 Bath,896 sqft,1949,Open Parking,Pool,"$520,000",Washington
2001 12th St NW #214,1 Bed,1 Bath,790 sqft,2000,Garage,Pool,"$485,000",Washington
1532 E St SE,4 Beds,4 Baths,"2,400 sqft",1908,Open Parking,Pool,"$1,549,900",Washington
2424 17th St NW #105,1 Bed,1 Bath,327 sqft,1910,Open Parking,Pool,"$314,000",Washington
5030 Linnean Ave NW,7 Beds,6 Baths,"8,362 sqft ",1952,2 Car Garage,No,"$3,895,000",Washington
1443 Corcoran St NW,3 Beds,4 Baths,"2,700 sqft",1889,1 Open Spaces,Pool,"$1,740,000",Washington
1702 Lang Pl NE,2 Beds,2 Baths,"1,292 sqft",1937,Open Parking,Pool,"$635,000",Washington
1341 Oak St NW,5 Beds,4 Baths,"2,190 sqft",1908,2 Open Spaces,Pool,"$1,349,000",Washington
223 Florida Ave NW #1,2 Beds,2 Baths,770 sqft,1905,Garage,Pool,"$429,900",Washington
3249 38th St NW,3 Beds,3 Baths,"1,829 sqft",1926,Garage,Pool,"$1,329,000",Washington
2725 39th St NW #108,1 Bed,1 Bath,747 sqft,1959,No Info,Pool,"$299,900",Washington
5735 Kansas Ave NW,5 Beds,5 Baths,"2,736 sqft",1935,Garage,No,"$980,000",Washington
1715 15th St NW #13,2 Beds,2 Baths,"1,002 sqft",1929,Garage,Pool,"$720,000",Washington
1504 6th St NW #1,2 Beds,3 Baths,"1,050 sqft",2020,Open Parking,Pool,"$799,995",Washington
910 Evarts St NE,3 Beds,2 Baths,992 sqft,1928,Open Parking,Pool,"$550,000",Washington
725 Euclid St NW #3,3 Beds,2 Baths,"1,513 sqft",1927,1 Parking Spaces,Pool,"$1,149,900",Washington
1835 Phelps Pl NW #43,2 Beds,1 Bath,"1,024 sqft",1925,Open Parking,Pool,"$649,000",Washington
2475 Virginia Ave NW #525,1 Bed,1 Bath,785 sqft,1956,Open Parking,Pool,"$270,000",Washington
6445 Luzon Ave NW #507,1 Bed,1 Bath,950 sqft,1960,Open Parking,Pool,"$215,000",Washington
3816 Porter St NW #B398,2 Beds,2 Baths,"1,365 sqft",1942,Open Parking,Pool,"$699,900",Washington
710 13th St NE,2 Beds,3 Baths,"1,472 sqft",1925,Open Parking,No,"$799,000",Washington
1311 Delaware Ave SW #646,1 Bed,1 Bath,700 sqft,1962,No Info,Pool,"$199,900",Washington
2540 Massachusetts Ave NW #308,2 Beds,1 Bath,"1,082 sqft",1923,No Info,Pool,"$589,000",Washington
4600 Connecticut Ave NW #729,3 Beds,2 Baths,"1,175 sqft",1948,1 Car Garage,Pool,"$575,000",Washington
3031 Chancellors Way NE,4 Beds,4 Baths,"2,001 sqft",2012,2 Car Garage,Pool,"$979,000",Washington
1851 Columbia Rd NW #310,1 Bed,1 Bath,508 sqft,1902,Open Parking,Pool,"$399,000",Washington
4100 W St NW #506,2 Beds,1 Bath,985 sqft,1950,1 Parking Spaces,Pool,"$380,000",Washington
336 Adams St NE #D,2 Beds,1 Bath,,1925,No Info,Pool,"$199,900",Washington
1819 Monroe St NW,7 Beds,6 Baths,"3,754 sqft",1909,Open Parking,Pool,"$1,699,000",Washington
1875 Mintwood Pl NW #25,1 Bed,1 Bath,631 sqft,1926,None,Pool,"$349,000",Washington
5810 8th St NW,4 Beds,3 Baths,"1,880 sqft",1927,Open Parking,Pool,"$649,000",Washington
4424 Georgia Ave NW #302,2 Beds,3 Baths,"1,320 sqft",2020,Open Parking,Pool,"$750,000",Washington
1200 23rd St NW #802,1 Bed,2 Baths,875 sqft,1981,No Info,Pool,"$295,000",Washington
2509 Branch Ave SE,5 Beds,4 Baths,"2,350 sqft",1936,4 Open Spaces,No,"$799,900",Washington
731 Harvard St NW,3 Beds,1 Bath,"1,296 sqft",1910,Open Parking,Pool,"$499,897",Washington
1500 10th St NW,4 Beds,4 Baths,"2,000 sqft",1900,Open Parking,Pool,"$1,200,000",Washington
1633 16th St NW,12 Beds,11 Baths,"9,339 sqft",1885,1 Car Garage,No,"$4,299,000",Washington
1231 V St SE,3 Beds,2 Baths,"3,335 sqft",1905,Garage,No,"$830,000",Washington
1735 Johnson Ave NW #B,2 Beds,2 Baths,829 sqft,2002,None,Pool,"$665,000",Washington
1827 Phelps Pl NW,5 Beds,6 Baths,"4,209 sqft",1900,Open Parking,Pool,"$2,349,000",Washington
Home 101 Plan in The Archie by McWilliams Ballard,1 Bed,1 Bath,544 sqft,2021,No Info,,"$374,900+",Washington
4444 Connecticut Ave NW #706,2 Beds,2 Baths,906 sqft,1924,1 Car Garage,Pool,"$555,000",Washington
3109 Naylor Rd SE #C,2 Beds,1 Bath,855 sqft,1965,No Info,Pool,"$125,000",Washington
4613 Charleston Ter NW,6 Beds,7 Baths,"5,632 sqft",1982,2 Car Garage,No,"$2,250,000",Washington
2905 Georgia Ave NW #101,1 Bed,1 Bath,343 sqft,2021,No Info,No,"$299,900",Washington
2700 Virginia Ave NW #502,4 Beds,4 Baths,"3,678 sqft",1965,2 Car Garage,Pool,"$3,799,900",Washington
911 8th St NE,4 Beds,4 Baths,"2,730 sqft",1900,Open Parking,Pool,"$1,175,000",Washington
1447 Chapin St NW #304,1 Bed,1 Bath,486 sqft,1920,None,Pool,"$294,500",Washington
1 Scott Cir NW #603,1 Bed,1 Bath,497 sqft,1891,Open Parking,Pool,"$281,900",Washington
4704 7th St NE,3 Beds,4 Baths,"2,040 sqft",1974,2 Open Spaces,No,"$630,000",Washington
1833 Rear 5 St NW,6 Beds,4 Baths,"2,800 sqft",1890,Open Parking,No,"$2,450,000",Washington
3601 Wisconsin Ave NW #401,1 Bed,1 Bath,692 sqft,1950,Open Parking,Pool,"$288,000",Washington
2024 16th St NW #1,2 Beds,3 Baths,"1,089 sqft",1920,Open Parking,Pool,"$880,000",Washington
3611 38th St NW #301,1 Bed,1 Bath,745 sqft,1985,1 Parking Spaces,Pool,"$385,000",Washington
1440 Church St NW #501,2 Beds,2 Baths,979 sqft,2002,1 Car Garage,Pool,"$799,000",Washington
2201 L St NW #108,1 Bed,1 Bath,475 sqft,1967,None,Pool,"$330,000",Washington
3117 Georgia Ave NW #1,2 Beds,2 Baths,761 sqft,2021,Open Parking,Pool,"$499,900",Washington
520 Irving St NW,5 Beds,4 Baths,"2,446 sqft",1916,Garage,Pool,"$1,350,000",Washington
502 Edgewood St NE,4 Beds,2 Baths,"1,452 sqft",1929,Open Parking,Pool,"$599,999",Washington
4336 Blagden Ave NW,4 Beds,4 Baths,"3,520 sqft",2021,1 Car Garage,No,"$1,625,000",Washington
4201 47th St NW,6 Beds,4 Baths,"4,084 sqft",1968,1 Car Garage,No,"$1,995,000",Washington
3800 Rodman St NW #101,1 Bed,1 Bath,795 sqft,1985,1 Parking Spaces,Pool,"$364,900",Washington
2126 Connecticut Ave NW #39,2 Beds,2 Baths,"1,200 sqft",1910,Open Parking,Pool,"$749,000",Washington
315 T St NE #2,3 Beds,3 Baths,"1,594 sqft",1909,Open Parking,Pool,"$775,000",Washington
1518 10th St NW,5 Beds,4 Baths,"3,765 sqft",1895,2 Open Spaces,Pool,"$2,350,000",Washington
3038 N St NW,8 Beds,6 Baths,"9,339 sqft ",1805,5 Open Spaces,No,"$10,000,000",Washington
1918 15th St NW #1,2 Beds,2 Baths,"1,400 sqft",1885,1 Parking Spaces,Pool,"$883,000",Washington
4200 Massachusetts Ave NW #102,2 Beds,3 Baths,"1,604 sqft",1971,1 Car Garage,Pool,"$799,500",Washington
2409 Wyoming Ave NW,6 Beds,8 Baths,"8,539 sqft",1926,Garage,No,"$5,995,000",Washington
1723 19th St NW,6 Beds,7 Baths,"4,457 sqft",1910,2 Open Spaces,Pool,"$2,495,000",Washington
1310 Vermont Ave NW #1,1 Bed,1 Bath,746 sqft,2020,No Info,Pool,"$599,000",Washington
116 Yuma St SE,6 Beds,3 Baths,"1,898 sqft",1951,Open Parking,No,"$459,000",Washington
815 T St NW #A,3 Beds,3 Baths,"1,577 sqft",1900,Open Parking,Pool,"$875,000",Washington
1312 Upshur St NW #2,3 Beds,3 Baths,"1,302 sqft",1938,Open Parking,Pool,"$899,000",Washington
2475 Virginia Ave NW #517,1 Bed,1 Bath,925 sqft,1956,No Info,Pool,"$325,000",Washington
1080 Wisconsin Ave NW #2010,2 Beds,2 Baths,"1,094 sqft",1981,1 Car Garage,Pool,"$675,000",Washington
809 6th St NW #41,2 Beds,2 Baths,910 sqft,2005,1 Car Garage,Pool,"$499,000",Washington
1901 3rd St NW,7 Beds,8 Baths,"3,821 sqft",1910,Garage,No,"$2,699,900",Washington
700 New Hampshire Ave NW #1510,1 Bed,1 Bath,856 sqft,1971,1 Car Garage,Pool,"$595,000",Washington
1343 Kenyon St NW #2,2 Beds,2 Baths,"1,230 sqft",1915,Open Parking,Pool,"$849,500",Washington
2550 17th St NW #206,Studio,1 Bath,334 sqft,2015,1 Car Garage,Pool,"$195,000",Washington
57 N St NW #527,2 Beds,2 Baths,"1,002 sqft",2018,59 Car Garage,Pool,"$789,900",Washington
429 N St SW #S110,Studio,1 Bath,554 sqft,1964,No Info,Pool,"$209,000",Washington
1715 N Capitol St NE #4,2 Beds,2 Baths,"1,011 sqft",2021,Open Parking,Pool,"$619,900",Washington
3327 N St NW,5 Beds,9 Baths,"7,175 sqft",1817,Garage,Pool,"$6,100,000",Washington
1412 Massachusetts Ave SE,5 Beds,4 Baths,"2,970 sqft",1917,No Info,Pool,"$1,725,000",Washington
121 U St NW,5 Beds,4 Baths,"2,950 sqft",1906,Open Parking,Pool,"$1,489,000",Washington
631 D St NW #1145,3 Beds,4 Baths,"1,740 sqft",2004,None,Pool,"$1,099,000",Washington
4224 16th St NW,9 Beds,6 Baths,"6,671 sqft",1921,Open Parking,No,"$1,979,000",Washington
2725 Connecticut Ave NW #201,2 Beds,2 Baths,"1,065 sqft",1989,1 Car Garage,Pool,"$609,900",Washington
1211 Van St SE #404,Studio,1 Bath,420 sqft,2019,None,No,"$329,900",Washington
5611 5th St NW #L2,1 Bed,1 Bath,628 sqft,1939,Open Parking,Pool,"$288,000",Washington
3298 Chestnut St NW,4 Beds,4 Baths,"2,526 sqft ",1941,2 Car Garage,No,"$1,295,000",Washington
4700 Connecticut Ave NW #203,3 Beds,2 Baths,"1,957 sqft",1928,1 Car Garage,Pool,"$974,000",Washington
1200 Barnaby Ter SE,3 Beds,3 Baths,"1,913 sqft",1978,No Info,Pool,"$420,000",Washington
Available Soon Plan in Amaris by Hoffman & Associates,Studio,,,2021,No Info,No,,Washington
629 4th St NE #1,2 Beds,2 Baths,"1,000 sqft",1909,Open Parking,Pool,"$624,900",Washington
800 4th St SW #S314,1 Bed,1 Bath,588 sqft,1959,Open Parking,Pool,"$349,900",Washington
1426 21st St NW #403,1 Bed,1 Bath,549 sqft,1908,Open Parking,Pool,"$409,900",Washington
4219 16th St NW,5 Beds,5 Baths,"3,072 sqft",1923,2 Car Garage,Pool,"$1,230,000",Washington
1718 P St NW #307,1 Bed,1 Bath,758 sqft,1968,Open Parking,Pool,"$379,900",Washington
560 N St SW #N703,1 Bed,1 Bath,735 sqft,1966,Open Parking,Pool,"$349,900",Washington
1027 Hamlin St NE,3 Beds,4 Baths,"2,476 sqft",1937,Open Parking,No,"$925,000",Washington
1860 California St NW #303,1 Bed,1 Bath,,1916,Open Parking,Pool,"$450,000",Washington
3001 Porter St NW #100,1 Bed,1 Bath,650 sqft,1923,None,Pool,"$259,000",Washington
3010 Cambridge Pl NW,3 Beds,3 Baths,"3,070 sqft",1900,Garage,Pool,"$2,395,000",Washington
3001 Veazey Ter NW #908,2 Beds,2 Baths,"1,385 sqft",1967,206 Car Garage,Pool,"$515,000",Washington
3459 24th St SE,2 Beds,1 Bath,"1,100 sqft",1947,Open Parking,Pool,"$349,000",Washington
Home 602 Plan in Kennedy On L by McWilliams Ballard,2 Beds,2 Baths,"1,025 sqft",2021,Garage,,"$849,900+",Washington
1706 3rd St NE,4 Beds,4 Baths,"1,736 sqft",1912,1 Open Spaces,Pool,"$869,900",Washington
1001 Otis St NE,4 Beds,3 Baths,"1,596 sqft",1923,Open Parking,No,"$1,400,000",Washington
Home 405 Plan in The Archie by McWilliams Ballard,2 Beds,2 Baths,820 sqft,2021,No Info,No,"$589,900+",Washington
2409 Bryan Pl SE,5 Beds,4 Baths,"2,568 sqft",2008,1 Open Spaces,Pool,"$499,999",Washington
1 Scott Cir NW #217,1 Bed,1 Bath,494 sqft,1941,Open Parking,Pool,"$255,000",Washington
1121 I St NE,3 Beds,2 Baths,"1,712 sqft",1914,2 Parking Spaces,Pool,"$849,000",Washington
226 Kentucky Ave SE #C-2,3 Beds,2 Baths,"1,670 sqft",2021,Open Parking,Pool,"$818,000",Washington
2725 39th St NW #311,2 Beds,1 Bath,"1,118 sqft",1959,None,Pool,"$425,000",Washington
1239 Vermont Ave NW #208,2 Beds,2 Baths,766 sqft,1964,No Info,Pool,"$464,950",Washington
1436 Ogden St NW #6,1 Bed,1 Bath,625 sqft,1924,Open Parking,Pool,"$399,000",Washington
2615 4th St NE #B4,2 Beds,2 Baths,"1,000 sqft",1940,Open Parking,Pool,"$395,000",Washington
1502 Kearny St NE,6 Beds,4 Baths,"3,287 sqft",1923,No Info,No,"$1,099,000",Washington
3812 W St SE #201,2 Beds,1 Bath,629 sqft,1940,No Info,Pool,"$159,000",Washington
4801 Wisconsin Ave NW #501,1 Bed,1 Bath,"1,175 sqft",1982,1 Car Garage,Pool,"$349,900",Washington
1301 Delaware Ave SW #N614,2 Beds,2 Baths,850 sqft,1962,207 Parking Spaces,Pool,"$299,000",Washington
628 S Carolina Ave SE #5C,3 Beds,3 Baths,"2,033 sqft",2014,2 Car Garage,Pool,"$1,295,000",Washington
1236 Eton Ct NW #T19,2 Beds,2 Baths,"1,200 sqft",1980,Open Parking,Pool,"$799,950",Washington
2122 California St NW #260,1 Bed,1 Bath,700 sqft,1905,No Info,Pool,"$445,000",Washington
700 7th St SW #427,2 Beds,1 Bath,995 sqft,1967,Open Parking,Pool,"$495,000",Washington
88 P St NW,4 Beds,5 Baths,"2,988 sqft",1900,Open Parking,Pool,"$1,350,000",Washington
4614 Hayes St NE,3 Beds,3 Baths,"1,054 sqft",1927,1 Open Spaces,No,"$499,999",Washington
1529 Isherwood St NE,4 Beds,4 Baths,"1,968 sqft",1929,1 Parking Spaces,Pool,"$999,900",Washington
5906 8th St NE,3 Beds,3 Baths,"1,416 sqft",1953,Open Parking,No,"$585,000",Washington
3001 Porter St NW #203,1 Bed,1 Bath,650 sqft,1923,Open Parking,Pool,"$295,000",Washington
1948 3rd St NE #C,2 Beds,2 Baths,970 sqft,1942,Open Parking,Pool,"$558,995",Washington
2939 Van Ness St NW #646,1 Bed,1 Bath,575 sqft,1964,No Info,Pool,"$335,000",Washington
701 Pennsylvania Ave NW #1003,1 Bed,1 Bath,496 sqft,1991,99 Car Garage,Pool,"$420,000",Washington
804 Taylor St NW #303,2 Beds,2 Baths,887 sqft,1957,1 Parking Spaces,Pool,"$499,000",Washington
2902 Vista St NE,2 Beds,2 Baths,"1,654 sqft",1909,Open Parking,No,"$500,000",Washington
2639 15th St NW #B4,1 Bed,1 Bath,545 sqft,1954,Open Parking,Pool,"$299,000",Washington
3643 13th St NW #1,3 Beds,3 Baths,"1,515 sqft",1913,Open Parking,Pool,"$799,000",Washington
2310 Ashmead Pl NW #104,1 Bed,1 Bath,433 sqft,1921,Open Parking,Pool,"$287,500",Washington
730 24th St NW #516,1 Bed,1 Bath,560 sqft,1961,No Info,Pool,"$225,000",Washington
2425 L St NW #317,1 Bed,1 Bath,803 sqft,1918,1 Car Garage,Pool,"$599,000",Washington
718 Park Rd NW #8,2 Beds,1 Bath,708 sqft,1950,Open Parking,Pool,"$429,000",Washington
1909 Minnesota Ave SE,3 Beds,2 Baths,"1,700 sqft",1929,1 Open Spaces,Pool,"$499,999",Washington
3429 11th Pl SE,2 Beds,3 Baths,"1,983 sqft",2017,1 Car Garage,Pool,"$499,990",Washington
4007 Connecticut Ave NW #207,1 Bed,1 Bath,715 sqft,1930,Open Parking,Pool,"$375,000",Washington
448 N St NW,2 Beds,2 Baths,"1,306 sqft",1900,Garage,Pool,"$874,900",Washington
712 Kearny St NE #4,1 Bed,1 Bath,636 sqft,2021,Open Parking,Pool,"$400,000",Washington
50 Florida Ave NE #725,2 Beds,2 Baths,"1,055 sqft",2018,1 Car Garage,Pool,"$849,900",Washington
301 H St NE #203,Studio,1 Bath,402 sqft,2015,Open Parking,Pool,"$225,000",Washington
246 10th St SE,4 Beds,3 Baths,"1,809 sqft",1923,No Info,Pool,"$849,900",Washington
22 Randolph Pl NW,4 Beds,4 Baths,"1,871 sqft",1895,2 Open Spaces,Pool,"$895,000",Washington
1717 Independence Ave SE #A,3 Beds,3 Baths,"1,920 sqft",1924,1 Carport Spaces,Pool,"$860,000",Washington
3016 Tilden St NW #404,2 Beds,2 Baths,"1,195 sqft",1928,None,Pool,"$699,900",Washington
636 Columbia Rd NW,4 Beds,3 Baths,"2,070 sqft",1906,Open Parking,Pool,"$785,000",Washington
3406 N St NW,3 Beds,2 Baths,"2,814 sqft",1900,Garage,Pool,"$1,995,000",Washington
4514 Connecticut Ave NW #205,1 Bed,1 Bath,"1,212 sqft",1928,Open Parking,Pool,"$475,000",Washington
321 I St NE,4 Beds,3 Baths,"1,911 sqft",1910,Garage,Pool,"$998,000",Washington
3024 Nelson Pl SE,8 Beds,,"2,800 sqft",1939,4 Open Spaces,Pool,"$850,000",Washington
727 Jefferson St NW #3,3 Beds,3 Baths,"1,406 sqft",2017,1 Parking Spaces,Pool,"$639,900",Washington
1813 12th St NW,4 Beds,4 Baths,"2,550 sqft",1880,1 Parking Spaces,No,"$1,585,000",Washington
506 E Capitol St NE,5 Beds,5 Baths,"5,091 sqft",1900,Open Parking,Pool,"$3,399,000",Washington
2020 12th St NW #113,2 Beds,2 Baths,"1,136 sqft",2005,1 Car Garage,Pool,"$750,000",Washington
1441 Euclid St NW #B2,1 Bed,1 Bath,439 sqft,1939,Open Parking,Pool,"$275,000",Washington
1880 Columbia Rd NW #102,1 Bed,1 Bath,783 sqft,1964,Open Parking,Pool,"$425,000",Washington
529 Oglethorpe St NW,3 Beds,2 Baths,"2,009 sqft",1930,2 Car Garage,No,"$749,000",Washington
1615 6th St NW #1,2 Beds,3 Baths,,2021,Open Parking,Pool,"$850,000",Washington
240 M St SW #E310,1 Bed,1 Bath,532 sqft,1967,Open Parking,Pool,"$300,000",Washington
2111 Wisconsin Ave NW #308,1 Bed,1 Bath,605 sqft,1988,1 Car Garage,Pool,"$365,000",Washington
1822 15th St NW #203,Studio,1 Bath,379 sqft,1885,None,Pool,"$249,900",Washington
4525 Douglas St NE,3 Beds,3 Baths,"2,138 sqft",2008,1 Car Garage,No,"$500,000",Washington
2311 Altamont Pl SE #103,3 Beds,1 Bath,828 sqft,1940,Open Parking,Pool,"$50,000",Washington
1721 4th St NW #1,2 Beds,3 Baths,"1,362 sqft",1900,Open Parking,Pool,"$699,000",Washington
911 45th Pl NE,2 Beds,2 Baths,"1,828 sqft",1927,Open Parking,No,"$450,000",Washington
2475 Virginia Ave NW #307,1 Bed,1 Bath,"1,000 sqft",1956,Open Parking,Pool,"$275,000",Washington
66 New York Ave NW #101,2 Beds,1 Bath,779 sqft,1925,1 Parking Spaces,Pool,"$398,000",Washington
215 I St NE #204,2 Beds,3 Baths,"1,663 sqft",1874,2 Car Garage,Pool,"$1,095,000",Washington
4707 Connecticut Ave NW #508,1 Bed,1 Bath,930 sqft,1930,Open Parking,Pool,"$449,500",Washington
1351 C St NE,5 Beds,5 Baths,"2,760 sqft",2021,2 Parking Spaces,Pool,"$1,825,000",Washington
4340 Martin Luther King Jr Ave SW,3 Beds,2 Baths,"1,392 sqft",1951,No Info,No,"$420,000",Washington
2510 Virginia Ave NW #705-N,4 Beds,4 Baths,"2,850 sqft",1968,2 Car Garage,Pool,"$1,650,000",Washington
2142 Cathedral Ave NW,4 Beds,6 Baths,"4,692 sqft",1962,1 Car Garage,Pool,"$2,150,000",Washington
3303 Water St NW #8H,3 Beds,3 Baths,"2,900 sqft",2004,2 Car Garage,Pool,"$6,500,000",Washington
3218 Woodley Rd NW,5 Beds,7 Baths,"4,245 sqft",1925,4 Open Spaces,Pool,"$2,495,000",Washington
1413 P St NW #302,2 Beds,3 Baths,"1,930 sqft",2006,2 Car Garage,Pool,"$1,799,900",Washington
1225 11th St NW #9,2 Beds,2 Baths,,2021,No Info,Pool,"$675,000",Washington
1211 28th St NW,4 Beds,6 Baths,"3,830 sqft",1986,2 Car Garage,Pool,"$2,750,000",Washington
923 N Carolina Ave SE,4 Beds,3 Baths,"3,002 sqft",1908,Open Parking,Pool,"$1,729,900",Washington
5406 Connecticut Ave NW #706,1 Bed,1 Bath,791 sqft,1963,Open Parking,Pool,"$325,000",Washington
1661 Crescent Pl NW #202,2 Beds,1 Bath,"1,512 sqft",1927,1 Car Garage,Pool,"$595,000",Washington
3700 30th Pl NE,4 Beds,4 Baths,"4,015 sqft",1926,2 Car Garage,No,"$1,249,900",Washington
4595 Macarthur Blvd NW #1,1 Bed,1 Bath,600 sqft,1954,Open Parking,Pool,"$289,900",Washington
1838 Providence St NE #3,2 Beds,3 Baths,"1,258 sqft",2020,Open Parking,Pool,"$624,900",Washington
1825 T St NW #103,Studio,1 Bath,425 sqft,1951,Open Parking,Pool,"$244,900",Washington
1349 Talbert Ter SE,2 Beds,1 Bath,"1,392 sqft",1943,Open Parking,Pool,"$414,900",Washington
1300 13th St NW #701,3 Beds,2 Baths,"1,482 sqft",2002,1 Car Garage,Pool,"$1,049,999",Washington
1125 12th St NW #64,1 Bed,1 Bath,473 sqft,1910,No Info,,"$309,000",Washington
3800 Rodman St NW #8-302,1 Bed,2 Baths,735 sqft,1985,Open Parking,Pool,"$374,900",Washington
1225 11th St NW #8,2 Beds,2 Baths,,2021,No Info,Pool,"$725,000",Washington
1701 16th St NW #421,1 Bed,1 Bath,667 sqft,1920,None,Pool,"$374,500",Washington
1526 17th St NW #212,Studio,1 Bath,450 sqft,1916,Open Parking,Pool,"$239,900",Washington
3701 Connecticut Ave NW #808,1 Bed,1 Bath,770 sqft,1951,Open Parking,Pool,"$309,950",Washington
2210 16th St SE,2 Beds,3 Baths,"1,224 sqft",1905,1 Open Spaces,No,"$469,999",Washington
2709 N St NW #101,3 Beds,3 Baths,"1,978 sqft",1909,Open Parking,Pool,"$1,995,000",Washington
624 1/2 8th St NE #201,3 Beds,4 Baths,"2,496 sqft",2014,2 Open Spaces,Pool,"$1,300,000",Washington
950 25th St NW #N116,1 Bed,1 Bath,560 sqft,1966,No Info,Pool,"$265,000",Washington
4210 Dix St NE,4 Beds,4 Baths,"3,596 sqft",1923,2 Open Spaces,No,"$589,900",Washington
1311 Spring Rd NW #1,4 Beds,3 Baths,"1,750 sqft",1919,Open Parking,Pool,"$859,000",Washington
610 Irving St NW #104,2 Beds,1 Bath,640 sqft,1906,Open Parking,Pool,"$379,000",Washington
1915 16th St NW #303,1 Bed,1 Bath,650 sqft,1923,None,Pool,"$339,000",Washington
1415 Girard St NW #406,1 Bed,1 Bath,455 sqft,1929,Open Parking,Pool,"$260,000",Washington
1111 M St NW #7,2 Beds,2 Baths,"1,691 sqft",1863,1 Open Spaces,Pool,"$999,000",Washington
700 New Hampshire Ave NW #817,2 Beds,2 Baths,"1,430 sqft",1971,1 Car Garage,Pool,"$699,999",Washington
1322 15th St NW #23,1 Bed,1 Bath,560 sqft,1960,None,Pool,"$410,000",Washington
520 N St SW #S-125,3 Beds,2 Baths,"1,437 sqft",1967,No Info,Pool,"$700,000",Washington
633 8th St NE,5 Beds,4 Baths,"2,332 sqft",1900,Open Parking,Pool,"$977,777",Washington
1300 4th St SE #1010,2 Beds,1 Bath,769 sqft,2018,1 Car Garage,Pool,"$699,999",Washington
613 Girard St NE,3 Beds,3 Baths,"1,350 sqft",1925,Open Parking,No,"$739,900",Washington
1500 Pennsylvania Ave SE #306,2 Beds,1 Bath,752 sqft,2016,1 Car Garage,Pool,"$485,000",Washington
5107 Sheriff Rd NE,2 Beds,2 Baths,"1,234 sqft",1944,Open Parking,No,"$449,999",Washington
Home #2 Plan in East Park by McWilliams Ballard,1 Bed,2 Baths,591 sqft,2021,No Info,,"$399,900+",Washington
1825 T St NW #705,Studio,1 Bath,428 sqft,1951,None,Pool,"$248,000",Washington
2834 27th St NW,4 Beds,5 Baths,"2,990 sqft",1910,2 Parking Spaces,Pool,"$1,850,000",Washington
816 Taylor St NW #1,3 Beds,3 Baths,"1,700 sqft",2021,No Info,Pool,"$775,000",Washington
3961 Clay Pl NE,3 Beds,2 Baths,"1,594 sqft",1947,Open Parking,No,"$499,990",Washington
3566 Alton Pl NW,7 Beds,7 Baths,"8,182 sqft",2021,2 Car Garage,No,"$3,290,000",Washington
2715 N St NW,7 Beds,8 Baths,"5,373 sqft",1907,Open Parking,No,"$5,295,000",Washington
2301 N St NW #216,2 Beds,2 Baths,"1,123 sqft",1991,2 Car Garage,Pool,"$900,000",Washington
2201 L St NW #114,2 Beds,1 Bath,987 sqft,1967,Open Parking,Pool,"$499,900",Washington
819 D St NE #31,2 Beds,2 Baths,"1,175 sqft",2016,None,Pool,"$1,125,000",Washington
Home 317 Plan in 1625 Eckington by McWilliams Ballard,1 Bed,1 Bath,609 sqft,2021,Garage,,"$399,900+",Washington
937 Randolph St NW #1,1 Bed,1 Bath,675 sqft,1936,1 Parking Spaces,Pool,"$384,900",Washington
770 Girard St NW #2E,2 Beds,2 Baths,"1,687 sqft",2016,No Info,Pool,"$1,115,000",Washington
2829 Woodland Dr NW,6 Beds,7 Baths,"7,787 sqft ",1929,2 Car Garage,No,"$5,995,000",Washington
2656 Bowen Rd SE #103,2 Beds,1 Bath,930 sqft,2002,1 Parking Spaces,Pool,"$169,000",Washington
1345 K St SE #T-01,2 Beds,2 Baths,"1,058 sqft",2017,Open Parking,Pool,"$615,000",Washington
2600 Pennsylvania Ave NW #601,2 Beds,2 Baths,"1,066 sqft",2001,Garage,Pool,"$960,000",Washington
5401 5th St NW,3 Beds,4 Baths,"1,596 sqft",1925,Open Parking,Pool,"$820,000",Washington
1121 Montello Ave NE,6 Beds,5 Baths,"2,044 sqft",1905,1 Parking Spaces,Pool,"$1,100,000",Washington
2100 11th St NW #408,2 Beds,2 Baths,"1,226 sqft",2007,1 Car Garage,Pool,"$899,900",Washington
515 7th St SE,8 Beds,5 Baths,"4,096 sqft",1851,Garage,No,"$2,199,000",Washington
1725 17th St NW,Studio,1 Bath,450 sqft,1917,Open Parking,Pool,"$274,000",Washington
1827 1st St NW #1,2 Beds,2 Baths,811 sqft,1907,Open Parking,Pool,"$530,000",Washington
4000 Cathedral Ave NW #135B,1 Bed,1 Bath,"1,000 sqft",1931,No Info,Pool,"$325,000",Washington
5510 9th St NW,4 Beds,4 Baths,"1,444 sqft",1922,2 Open Spaces,Pool,"$899,000",Washington
1352 Longfellow St NW #101,2 Beds,2 Baths,975 sqft,1917,Open Parking,Pool,"$409,900",Washington
1112 Savannah St SE #24,1 Bed,1 Bath,623 sqft,1949,No Info,Pool,"$214,999",Washington
1830 Jefferson Pl NW #20,2 Beds,2 Baths,"1,140 sqft",2006,Garage,Pool,"$850,000",Washington
1401 R St NW #407,1 Bed,1 Bath,706 sqft,1920,Open Parking,Pool,"$600,000",Washington
1512 Marion St NW #302,1 Bed,1 Bath,400 sqft,1950,Open Parking,Pool,"$299,000",Washington
555 Massachusetts Ave NW #618,2 Beds,2 Baths,"1,049 sqft",2005,1 Car Garage,Pool,"$695,000",Washington
715 6th St NW #603,2 Beds,2 Baths,"1,075 sqft",2005,1 Parking Spaces,Pool,"$650,000",Washington
525 Park Rd NW #202,2 Beds,2 Baths,974 sqft,2018,Open Parking,Pool,"$649,000",Washington
5341 Gay St NE,4 Beds,2 Baths,"1,353 sqft",1969,Open Parking,No,"$300,000",Washington
1306 O St NW #Townhouse 1,2 Beds,2 Baths,"1,200 sqft",1900,Open Parking,Pool,"$774,500",Washington
1210 R St NW #B2,Studio,1 Bath,525 sqft,2006,Open Parking,Pool,"$289,900",Washington
3275 15th Pl SE #301,3 Beds,1 Bath,"1,026 sqft",1991,Open Parking,Pool,"$220,000",Washington
1311 Delaware Ave SW #S640,1 Bed,1 Bath,700 sqft,1962,No Info,Pool,"$225,000",Washington
54 53rd St SE,4 Beds,3 Baths,"1,589 sqft",1939,4 Open Spaces,No,"$544,900",Washington
730 24th St NW #419,1 Bed,1 Bath,740 sqft,1961,1 Car Garage,Pool,"$375,000",Washington
230 E Capitol St NE,3 Beds,4 Baths,"1,587 sqft",1900,Open Parking,Pool,"$1,399,000",Washington
659 Girard St NE,4 Beds,4 Baths,"2,384 sqft",1927,1 Car Garage,Pool,"$899,000",Washington
3725 12th St NE #201,1 Bed,1 Bath,362 sqft,1936,Open Parking,Pool,"$205,000",Washington
1629 Lyman Pl NE,3 Beds,3 Baths,"1,152 sqft",1937,Open Parking,Pool,"$669,950",Washington
2500 Q St NW #337,Studio,1 Bath,544 sqft,1942,Open Parking,Pool,"$250,000",Washington
1600 Montello Ave NE,4 Beds,2 Baths,"2,262 sqft",1900,None,No,"$635,000",Washington
2140 Wisconsin Ave NW #1,1 Bed,2 Baths,592 sqft,2014,Open Parking,Pool,"$439,000",Washington
27 Sherman Cir NW,4 Beds,4 Baths,"2,342 sqft",1923,2 Open Spaces,Pool,"$1,150,000",Washington
329 Rhode Island Ave NE #405,2 Beds,3 Baths,"1,215 sqft",1927,Open Parking,Pool,"$539,900",Washington
12 3rd St SE #3,3 Beds,2 Baths,"1,283 sqft",1912,Open Parking,Pool,"$1,089,900",Washington
4600 Connecticut Ave NW #108,2 Beds,2 Baths,"1,049 sqft",1948,Open Parking,Pool,"$400,000",Washington
4007 Connecticut Ave NW #101,1 Bed,1 Bath,878 sqft,1930,Open Parking,Pool,"$399,999",Washington
2021 Rosedale St NE,3 Beds,2 Baths,"1,120 sqft",1941,1 Parking Spaces,Pool,"$599,900",Washington
2205 California St NW #401,2 Beds,2 Baths,"1,464 sqft",1905,Open Parking,Pool,"$957,500",Washington
1615 6th St NW #2,2 Beds,3 Baths,,2021,Open Parking,Pool,"$899,999",Washington
1112 5th St NW #7,3 Beds,3 Baths,"1,291 sqft",2020,No Info,No,"$1,114,900",Washington
3101 New Mexico Ave NW #1102,2 Beds,3 Baths,"2,044 sqft",1979,Garage,Pool,"$820,000",Washington
3933 14th St NW #2,1 Bed,2 Baths,591 sqft,2021,No Info,No,"$399,900",Washington
4000 Tunlaw Rd NW #221,2 Beds,2 Baths,"1,027 sqft",1960,1 Parking Spaces,Pool,"$449,000",Washington
2122 N St NW #2,3 Beds,4 Baths,"2,130 sqft",2019,1 Parking Spaces,Pool,"$1,699,900",Washington
4600 Connecticut Ave NW #508,2 Beds,2 Baths,"1,095 sqft",1948,Garage,Pool,"$525,000",Washington
1443 S St NW #1,2 Beds,3 Baths,"1,800 sqft",1900,Open Parking,Pool,"$1,149,000",Washington
709 7th St NE,4 Beds,4 Baths,"1,959 sqft",1910,Open Parking,Pool,"$1,230,000",Washington
2021 11th St NW,3 Beds,,"2,355 sqft",1905,No Info,Pool,"$1,395,000",Washington
301 H St NE #201,2 Beds,2 Baths,792 sqft,2015,Open Parking,Pool,"$629,900",Washington
1011 M St NW #201,1 Bed,1 Bath,795 sqft,2016,Open Parking,Pool,"$570,000",Washington
809 Taylor St NE,4 Beds,2 Baths,"1,187 sqft",1939,Open Parking,No,"$565,000",Washington
1706 W Virginia Ave NE #1,2 Beds,1 Bath,699 sqft,1931,Open Parking,Pool,"$349,500",Washington
4101 Cathedral Ave NW #1117,2 Beds,2 Baths,"1,500 sqft",1962,1 Car Garage,Pool,"$589,000",Washington
3114 Wisconsin Ave NW #204,1 Bed,1 Bath,850 sqft,1964,Open Parking,Pool,"$250,000",Washington
1312 13th St NW #1,1 Bed,1 Bath,603 sqft,2021,Open Parking,Pool,"$629,000",Washington
3900 Tunlaw Rd NW #604,2 Beds,1 Bath,"1,100 sqft",1959,1 Parking Spaces,Pool,"$350,000",Washington
2039 New Hampshire Ave NW #709,Studio,1 Bath,500 sqft,1909,Open Parking,Pool,"$240,000",Washington
2660 Connecticut Ave NW #D,3 Beds,4 Baths,"4,527 sqft",1928,3 Car Garage,Pool,"$6,995,000",Washington
1311 Delaware Ave SW #S449,2 Beds,2 Baths,850 sqft,1962,No Info,Pool,"$254,900",Washington
5052 Queens Stroll Pl SE,4 Beds,4 Baths,"1,700 sqft",1957,2 Open Spaces,No,"$554,900",Washington
3883 Connecticut Ave NW #616,1 Bed,1 Bath,713 sqft,2002,1 Car Garage,Pool,"$449,000",Washington
5101 Connecticut Ave NW #5,2 Beds,2 Baths,"1,017 sqft",2021,Open Parking,Pool,"$825,000",Washington
2501 Calvert St NW #312,2 Beds,2 Baths,989 sqft,1968,Open Parking,Pool,"$560,000",Washington
1430 Oglethorpe St NW,5 Beds,3 Baths,"2,800 sqft",1952,Open Parking,No,"$1,045,000",Washington
2910 18th St NW,5 Beds,4 Baths,,Year Built,,Pool,"$999,000",Washington
3934 10th St NE #3,2 Beds,2 Baths,815 sqft,1937,Open Parking,Pool,"$500,000",Washington
3900 Cathedral Ave NW #110A,1 Bed,1 Bath,850 sqft,1931,No Info,Pool,"$328,000",Washington
1015 33rd St NW #811,2 Beds,3 Baths,"2,038 sqft",1985,1 Car Garage,Pool,"$1,349,900",Washington
2310 Ashmead Pl NW #303,1 Bed,1 Bath,520 sqft,1921,Open Parking,Pool,"$370,000",Washington
1735 New Hampshire Ave NW #603,2 Beds,2 Baths,"1,210 sqft",1908,No Info,Pool,"$849,000",Washington
2311 Connecticut Ave NW #501,2 Beds,2 Baths,"1,473 sqft",1911,Open Parking,Pool,"$979,000",Washington
526 48th Pl NE,2 Beds,3 Baths,"1,262 sqft",1947,Open Parking,No,"$420,000",Washington
6820 32nd St NW,4 Beds,3 Baths,"3,900 sqft",1955,1 Car Garage,No,"$1,850,000",Washington
4000 Cathedral Ave NW #18-19B,2 Beds,2 Baths,"1,650 sqft",1931,Open Parking,Pool,"$593,000",Washington
1550 11th St NW #401,3 Beds,2 Baths,"1,847 sqft",2019,1 Car Garage,Pool,"$1,449,900",Washington
3222 Scott Pl NW,2 Beds,4 Baths,"3,320 sqft",1956,1 Car Garage,No,"$3,250,000",Washington
950 25th St NW #223N,Studio,1 Bath,,1966,Open Parking,Pool,"$175,000",Washington
2550 17th St NW #405,Studio,1 Bath,403 sqft,2015,None,Pool,"$232,000",Washington
57 N St NW #412,2 Beds,2 Baths,,2018,No Info,Pool,"$714,900",Washington
1778 Willard St NW #1,4 Beds,3 Baths,"1,165 sqft",1900,Open Parking,Pool,"$925,000",Washington
2566 University Pl NW #302,2 Beds,2 Baths,"1,205 sqft",2021,1 Parking Spaces,Pool,"$949,000",Washington
1311 Delaware Ave SW #S237,2 Beds,2 Baths,850 sqft,1962,None,Pool,"$299,000",Washington
221 11th St SE,4 Beds,4 Baths,"3,172 sqft",1923,Open Parking,Pool,"$2,150,000",Washington
804 21st St NE #2,2 Beds,2 Baths,855 sqft,1939,No Info,Pool,"$405,000",Washington
777 7th St NW #724,2 Beds,2 Baths,"1,017 sqft",2005,No Info,Pool,"$559,000",Washington
1200 23rd St NW #604,2 Beds,3 Baths,"1,450 sqft",1981,Open Parking,Pool,"$474,900",Washington
604 13th St NE,2 Beds,,999 sqft,1911,Open Parking,Pool,"$790,000",Washington
2020 12th St NW #116,2 Beds,2 Baths,"1,075 sqft",2005,1 Car Garage,Pool,"$724,900",Washington
40 N St NE #404,1 Bed,1 Bath,759 sqft,2021,No Info,Pool,"$499,900",Washington
2709 N Street NW #103,3 Beds,3 Baths,"2,147 sqft",1909,Open Parking,Pool,"$2,395,000",Washington
839 Kennedy St NW #301,2 Beds,2 Baths,930 sqft,2020,Open Parking,Pool,"$599,000",Washington
2500 Q St NW #231,1 Bed,1 Bath,"1,014 sqft",1942,Open Parking,Pool,"$389,850",Washington
4740 Connecticut Ave NW #411,2 Beds,2 Baths,"1,128 sqft",1956,Open Parking,Pool,"$425,000",Washington
1935 12th St NW #1,2 Beds,2 Baths,"1,925 sqft",1900,1 Parking Spaces,Pool,"$1,099,000",Washington
1301 Delaware Ave SW #N215,Studio,1 Bath,650 sqft,1962,No Info,Pool,"$139,999",Washington
1260 21st St NW #711,2 Beds,1 Bath,907 sqft,1966,Open Parking,Pool,"$390,000",Washington
4230 6th St SE,10 Beds,,"3,236 sqft",1953,No Info,Pool,"$775,000",Washington
3001 Veazey Ter NW #908,2 Beds,2 Baths,"1,385 sqft",1967,206 Car Garage,Pool,"$515,000",Washington
4803 8th St NW,4 Beds,4 Baths,"1,845 sqft",1925,1 Open Spaces,Pool,"$889,000",Washington
1 Scott Cir NW #2,1 Bed,1 Bath,589 sqft,1891,Open Parking,Pool,"$269,500",Washington
1701 16th St NW #346,1 Bed,1 Bath,667 sqft,1920,No Info,Pool,"$420,000",Washington
1521 Kingman Pl NW #2,1 Bed,1 Bath,500 sqft,1915,Open Parking,Pool,"$375,000",Washington
90 Hawthorne Ct NE #90,1 Bed,1 Bath,"1,082 sqft",1985,Garage,Pool,"$375,000",Washington
4111 Kansas Ave NW #203,1 Bed,1 Bath,,2021,Open Parking,Pool,"$379,900",Washington
1341 Clifton St NW #301,1 Bed,1 Bath,567 sqft,1966,No Info,Pool,"$380,000",Washington
1440 T St NW,3 Beds,4 Baths,"2,083 sqft",1890,1 Open Spaces,Pool,"$1,400,000",Washington
1121 Queen St NE #2,2 Beds,1 Bath,678 sqft,1907,Open Parking,Pool,"$350,000",Washington
1111 24th St NW #73,3 Beds,4 Baths,"2,857 sqft",2017,None,Pool,"$3,995,000",Washington
3823 Rodman St NW #D22,2 Beds,1 Bath,833 sqft,1942,Open Parking,Pool,"$474,500",Washington
554 Foxhall Pl SE,2 Beds,2 Baths,"1,360 sqft",1950,Open Parking,No,"$439,900",Washington
3010 R St NW #3,2 Beds,2 Baths,"1,952 sqft",1890,Open Parking,Pool,"$1,198,000",Washington
538 5th St SE,4 Beds,4 Baths,"2,378 sqft",1921,Garage,Pool,"$1,675,000",Washington
1363 Massachusetts Ave SE,4 Beds,4 Baths,"3,615 sqft",1908,Open Parking,Pool,"$1,425,000",Washington
3883 Connecticut Ave NW #P-30,Studio,,,2002,1 Car Garage,Pool,"$22,500",Washington
1311 13th St NW #T08,Studio,1 Bath,442 sqft,2016,Open Parking,Pool,"$324,900",Washington
910 M St NW #620,2 Beds,2 Baths,"1,050 sqft",2006,1 Car Garage,Pool,"$687,500",Washington
916 G St NW #1001,2 Beds,2 Baths,"1,477 sqft",2002,Garage,Pool,"$1,450,000",Washington
Hom 101 Plan in Maddox by McWilliams Ballard,1 Bed,1 Bath,343 sqft,2021,No Info,,"$299,900+",Washington
1312 13th St NW #2,1 Bed,1 Bath,558 sqft,2021,Open Parking,Pool,"$615,000",Washington
2110 38th St SE #202,1 Bed,1 Bath,589 sqft,1940,No Info,Pool,"$120,000",Washington
820 Kennedy St NW #4,3 Beds,3 Baths,"1,400 sqft",2019,Open Parking,Pool,"$689,000",Washington
701 Pennsylvania Ave NW #1202,1 Bed,1 Bath,514 sqft,1991,No Info,Pool,"$425,000",Washington
1820 24th Pl SE,4 Beds,4 Baths,"2,980 sqft",2021,No Info,Pool,"$609,000",Washington
2633 15th St NW #6A,1 Bed,1 Bath,"1,170 sqft",1917,1 Parking Spaces,Pool,"$479,000",Washington
839 19th St NE #1,2 Beds,2 Baths,795 sqft,1942,Open Parking,Pool,"$409,000",Washington
440 12th St NE #302,1 Bed,1 Bath,900 sqft,1900,Open Parking,Pool,"$415,000",Washington
1737 Willard St NW #1,1 Bed,1 Bath,817 sqft,1890,Open Parking,Pool,"$399,900",Washington
1425 4th St SW #A510,1 Bed,1 Bath,984 sqft,1965,Open Parking,Pool,"$399,900",Washington
2141 I St NW #106,Studio,1 Bath,400 sqft,1974,Open Parking,Pool,"$210,000",Washington
5112 Macarthur Blvd NW #101,1 Bed,2 Baths,971 sqft,1955,Open Parking,Pool,"$348,000",Washington
6223 12th St NW,5 Beds,4 Baths,"2,724 sqft",1927,Open Parking,No,"$899,900",Washington
1801 Clydesdale Pl NW #619,Studio,1 Bath,450 sqft,1950,Open Parking,Pool,"$159,900",Washington
2515 K St NW #508,Studio,1 Bath,465 sqft,1939,Open Parking,Pool,"$275,000",Washington
4506 Nannie Helen Burroughs Ave NE,4 Beds,2 Baths,"2,112 sqft",1982,3 Open Spaces,No,"$515,000",Washington
2841 Gainesville St SE #303,2 Beds,1 Bath,784 sqft,1852,Open Parking,Pool,"$166,000",Washington
1665 Wisconsin Ave NW,1 Bed,1 Bath,798 sqft,1900,Open Parking,Pool,"$938,000",Washington
1438 Meridian Pl NW #102,2 Beds,1 Bath,589 sqft,1910,Open Parking,Pool,"$349,000",Washington
631 D St NW #236,1 Bed,1 Bath,690 sqft,2004,No Info,Pool,"$455,000",Washington
738 Longfellow St NW #306,1 Bed,1 Bath,479 sqft,1900,No Info,Pool,"$199,500",Washington
301 Massachusetts Ave NW #402,2 Beds,2 Baths,761 sqft,2006,1 Car Garage,Pool,"$539,900",Washington
1745 N St NW #213,2 Beds,2 Baths,"1,781 sqft",2017,Garage,No,"$1,349,900",Washington